tubeID,type,temp,block,replicate,tray,pair,i,j,densityT,FocalSp,i.ind,FocalSp_Den,OtherSp,j.ind,OtherSp_Den,obs_count
501,intra,HOT,HOTA,HOTA1,HOT_T2,PAN_NaN,PAN,NaN,i2j0,PAN,3,4,NA,0,0,56
502,intra,HOT,HOTA,HOTA1,HOT_T2,PAN_NaN,PAN,NaN,i4j0,PAN,3,8,NA,0,0,99
503,intra,HOT,HOTA,HOTA1,HOT_T2,PAN_NaN,PAN,NaN,i8j0,PAN,3,16,NA,0,0,153
504,intra,HOT,HOTA,HOTA2,HOT_T2,PAN_NaN,PAN,NaN,i2j0,PAN,3,4,NA,0,0,49
505,intra,HOT,HOTA,HOTA2,HOT_T2,PAN_NaN,PAN,NaN,i4j0,PAN,3,8,NA,0,0,40
506,intra,HOT,HOTA,HOTA2,HOT_T2,PAN_NaN,PAN,NaN,i8j0,PAN,3,16,NA,0,0,134
507,intra,HOT,HOTA,HOTA3,HOT_T2,PAN_NaN,PAN,NaN,i2j0,PAN,3,4,NA,0,0,52
508,intra,HOT,HOTA,HOTA3,HOT_T2,PAN_NaN,PAN,NaN,i4j0,PAN,3,8,NA,0,0,84
509,intra,HOT,HOTA,HOTA3,HOT_T2,PAN_NaN,PAN,NaN,i8j0,PAN,3,16,NA,0,0,125
510,intra,HOT,HOTB,HOTB4,HOT_T4,PAN_NaN,PAN,NaN,i2j0,PAN,3,4,NA,0,0,63
511,intra,HOT,HOTB,HOTB4,HOT_T4,PAN_NaN,PAN,NaN,i4j0,PAN,3,8,NA,0,0,75
512,intra,HOT,HOTB,HOTB4,HOT_T4,PAN_NaN,PAN,NaN,i8j0,PAN,3,16,NA,0,0,181
513,intra,HOT,HOTB,HOTB5,HOT_T4,PAN_NaN,PAN,NaN,i2j0,PAN,3,4,NA,0,0,50
514,intra,HOT,HOTB,HOTB5,HOT_T4,PAN_NaN,PAN,NaN,i4j0,PAN,3,8,NA,0,0,84
515,intra,HOT,HOTB,HOTB5,HOT_T4,PAN_NaN,PAN,NaN,i8j0,PAN,3,16,NA,0,0,112
516,intra,HOT,HOTB,HOTB6,HOT_T4,PAN_NaN,PAN,NaN,i2j0,PAN,3,4,NA,0,0,66
517,intra,HOT,HOTB,HOTB6,HOT_T4,PAN_NaN,PAN,NaN,i4j0,PAN,3,8,NA,0,0,87
518,intra,HOT,HOTB,HOTB6,HOT_T4,PAN_NaN,PAN,NaN,i8j0,PAN,3,16,NA,0,0,157
519,intra,HOT,HOTB,HOTB7,HOT_T4,PAN_NaN,PAN,NaN,i2j0,PAN,3,4,NA,0,0,58
520,intra,HOT,HOTB,HOTB7,HOT_T4,PAN_NaN,PAN,NaN,i4j0,PAN,3,8,NA,0,0,99
521,intra,HOT,HOTB,HOTB7,HOT_T4,PAN_NaN,PAN,NaN,i8j0,PAN,3,16,NA,0,0,135
522,intra,HOT,HOTC,HOTC8,HOT_T6,PAN_NaN,PAN,NaN,i2j0,PAN,3,4,NA,0,0,48
523,intra,HOT,HOTC,HOTC8,HOT_T6,PAN_NaN,PAN,NaN,i4j0,PAN,3,8,NA,0,0,81
524,intra,HOT,HOTC,HOTC8,HOT_T6,PAN_NaN,PAN,NaN,i8j0,PAN,3,16,NA,0,0,92
525,intra,HOT,HOTC,HOTC9,HOT_T6,PAN_NaN,PAN,NaN,i2j0,PAN,3,4,NA,0,0,25
526,intra,HOT,HOTC,HOTC9,HOT_T6,PAN_NaN,PAN,NaN,i4j0,PAN,3,8,NA,0,0,72
527,intra,HOT,HOTC,HOTC9,HOT_T6,PAN_NaN,PAN,NaN,i8j0,PAN,3,16,NA,0,0,116
528,intra,HOT,HOTC,HOTC10,HOT_T6,PAN_NaN,PAN,NaN,i2j0,PAN,3,4,NA,0,0,50
529,intra,HOT,HOTC,HOTC10,HOT_T6,PAN_NaN,PAN,NaN,i4j0,PAN,3,8,NA,0,0,57
530,intra,HOT,HOTC,HOTC10,HOT_T6,PAN_NaN,PAN,NaN,i8j0,PAN,3,16,NA,0,0,128
531,intra,HOT,HOTA,HOTA1,HOT_T1,BIP_NaN,BIP,NaN,i2j0,BIP,1,4,NA,0,0,43
532,intra,HOT,HOTA,HOTA1,HOT_T1,BIP_NaN,BIP,NaN,i4j0,BIP,1,8,NA,0,0,102
533,intra,HOT,HOTA,HOTA1,HOT_T1,BIP_NaN,BIP,NaN,i8j0,BIP,1,16,NA,0,0,121
534,intra,HOT,HOTA,HOTA2,HOT_T1,BIP_NaN,BIP,NaN,i2j0,BIP,1,4,NA,0,0,64
535,intra,HOT,HOTA,HOTA2,HOT_T1,BIP_NaN,BIP,NaN,i4j0,BIP,1,8,NA,0,0,102
536,intra,HOT,HOTA,HOTA2,HOT_T1,BIP_NaN,BIP,NaN,i8j0,BIP,1,16,NA,0,0,173
537,intra,HOT,HOTA,HOTA3,HOT_T1,BIP_NaN,BIP,NaN,i2j0,BIP,1,4,NA,0,0,55
538,intra,HOT,HOTA,HOTA3,HOT_T1,BIP_NaN,BIP,NaN,i4j0,BIP,1,8,NA,0,0,84
539,intra,HOT,HOTA,HOTA3,HOT_T1,BIP_NaN,BIP,NaN,i8j0,BIP,1,16,NA,0,0,134
540,intra,HOT,HOTB,HOTB4,HOT_EXTRA,BIP_NaN,BIP,NaN,i2j0,BIP,1,4,NA,0,0,43
541,intra,HOT,HOTB,HOTB4,HOT_EXTRA,BIP_NaN,BIP,NaN,i4j0,BIP,1,8,NA,0,0,76
542,intra,HOT,HOTB,HOTB4,HOT_EXTRA,BIP_NaN,BIP,NaN,i8j0,BIP,1,16,NA,0,0,123
543,intra,HOT,HOTB,HOTB5,HOT_EXTRA,BIP_NaN,BIP,NaN,i2j0,BIP,1,4,NA,0,0,49
544,intra,HOT,HOTB,HOTB5,HOT_EXTRA,BIP_NaN,BIP,NaN,i4j0,BIP,1,8,NA,0,0,74
545,intra,HOT,HOTB,HOTB5,HOT_EXTRA,BIP_NaN,BIP,NaN,i8j0,BIP,1,16,NA,0,0,110
546,intra,HOT,HOTB,HOTB6,HOT_EXTRA,BIP_NaN,BIP,NaN,i2j0,BIP,1,4,NA,0,0,39
547,intra,HOT,HOTB,HOTB6,HOT_EXTRA,BIP_NaN,BIP,NaN,i4j0,BIP,1,8,NA,0,0,76
548,intra,HOT,HOTB,HOTB6,HOT_EXTRA,BIP_NaN,BIP,NaN,i8j0,BIP,1,16,NA,0,0,107
549,intra,HOT,HOTB,HOTB7,HOT_EXTRA,BIP_NaN,BIP,NaN,i2j0,BIP,1,4,NA,0,0,35
550,intra,HOT,HOTB,HOTB7,HOT_EXTRA,BIP_NaN,BIP,NaN,i4j0,BIP,1,8,NA,0,0,52
551,intra,HOT,HOTB,HOTB7,HOT_EXTRA,BIP_NaN,BIP,NaN,i8j0,BIP,1,16,NA,0,0,104
552,intra,HOT,HOTC,HOTC8,HOT_T5,BIP_NaN,BIP,NaN,i2j0,BIP,1,4,NA,0,0,48
553,intra,HOT,HOTC,HOTC8,HOT_T5,BIP_NaN,BIP,NaN,i4j0,BIP,1,8,NA,0,0,38
554,intra,HOT,HOTC,HOTC8,HOT_T5,BIP_NaN,BIP,NaN,i8j0,BIP,1,16,NA,0,0,110
555,intra,HOT,HOTC,HOTC9,HOT_T5,BIP_NaN,BIP,NaN,i2j0,BIP,1,4,NA,0,0,41
556,intra,HOT,HOTC,HOTC9,HOT_T5,BIP_NaN,BIP,NaN,i4j0,BIP,1,8,NA,0,0,71
557,intra,HOT,HOTC,HOTC9,HOT_T5,BIP_NaN,BIP,NaN,i8j0,BIP,1,16,NA,0,0,96
558,intra,HOT,HOTC,HOTC10,HOT_T5,BIP_NaN,BIP,NaN,i2j0,BIP,1,4,NA,0,0,48
559,intra,HOT,HOTC,HOTC10,HOT_T5,BIP_NaN,BIP,NaN,i4j0,BIP,1,8,NA,0,0,56
560,intra,HOT,HOTC,HOTC10,HOT_T5,BIP_NaN,BIP,NaN,i8j0,BIP,1,16,NA,0,0,95
561,intra,HOT,HOTA,HOTA1,HOT_T2,PAL_NaN,PAL,NaN,i2j0,PAL,2,4,NA,0,0,0
562,intra,HOT,HOTA,HOTA1,HOT_T2,PAL_NaN,PAL,NaN,i4j0,PAL,2,8,NA,0,0,0
563,intra,HOT,HOTA,HOTA1,HOT_T2,PAL_NaN,PAL,NaN,i8j0,PAL,2,16,NA,0,0,0
564,intra,HOT,HOTA,HOTA2,HOT_T2,PAL_NaN,PAL,NaN,i2j0,PAL,2,4,NA,0,0,0
565,intra,HOT,HOTA,HOTA2,HOT_T2,PAL_NaN,PAL,NaN,i4j0,PAL,2,8,NA,0,0,3
566,intra,HOT,HOTA,HOTA2,HOT_T2,PAL_NaN,PAL,NaN,i8j0,PAL,2,16,NA,0,0,0
567,intra,HOT,HOTA,HOTA3,HOT_T2,PAL_NaN,PAL,NaN,i2j0,PAL,2,4,NA,0,0,0
568,intra,HOT,HOTA,HOTA3,HOT_T2,PAL_NaN,PAL,NaN,i4j0,PAL,2,8,NA,0,0,0
569,intra,HOT,HOTA,HOTA3,HOT_T2,PAL_NaN,PAL,NaN,i8j0,PAL,2,16,NA,0,0,10
576,intra,HOT,HOTB,HOTB6,HOT_T4,PAL_NaN,PAL,NaN,i2j0,PAL,2,4,NA,0,0,0
577,intra,HOT,HOTB,HOTB6,HOT_T4,PAL_NaN,PAL,NaN,i4j0,PAL,2,8,NA,0,0,0
578,intra,HOT,HOTB,HOTB6,HOT_T4,PAL_NaN,PAL,NaN,i8j0,PAL,2,16,NA,0,0,0
579,intra,HOT,HOTB,HOTB7,HOT_T4,PAL_NaN,PAL,NaN,i2j0,PAL,2,4,NA,0,0,7
580,intra,HOT,HOTB,HOTB7,HOT_T4,PAL_NaN,PAL,NaN,i4j0,PAL,2,8,NA,0,0,0
581,intra,HOT,HOTB,HOTB7,HOT_T4,PAL_NaN,PAL,NaN,i8j0,PAL,2,16,NA,0,0,4
582,intra,HOT,HOTC,HOTC8,HOT_T6,PAL_NaN,PAL,NaN,i2j0,PAL,2,4,NA,0,0,0
583,intra,HOT,HOTC,HOTC8,HOT_T6,PAL_NaN,PAL,NaN,i4j0,PAL,2,8,NA,0,0,0
584,intra,HOT,HOTC,HOTC8,HOT_T6,PAL_NaN,PAL,NaN,i8j0,PAL,2,16,NA,0,0,2
585,intra,HOT,HOTC,HOTC9,HOT_T6,PAL_NaN,PAL,NaN,i2j0,PAL,2,4,NA,0,0,0
586,intra,HOT,HOTC,HOTC9,HOT_T6,PAL_NaN,PAL,NaN,i4j0,PAL,2,8,NA,0,0,2
587,intra,HOT,HOTC,HOTC9,HOT_T6,PAL_NaN,PAL,NaN,i8j0,PAL,2,16,NA,0,0,1
588,intra,HOT,HOTC,HOTC10,HOT_T6,PAL_NaN,PAL,NaN,i2j0,PAL,2,4,NA,0,0,8
589,intra,HOT,HOTC,HOTC10,HOT_T6,PAL_NaN,PAL,NaN,i4j0,PAL,2,8,NA,0,0,1
590,intra,HOT,HOTC,HOTC10,HOT_T6,PAL_NaN,PAL,NaN,i8j0,PAL,2,16,NA,0,0,3
591,intra,HOT,HOTA,HOTA1,HOT_T1,SUL_NaN,SUL,NaN,i2j0,SUL,5,4,NA,0,0,31
592,intra,HOT,HOTA,HOTA1,HOT_T1,SUL_NaN,SUL,NaN,i4j0,SUL,5,8,NA,0,0,79
593,intra,HOT,HOTA,HOTA1,HOT_T1,SUL_NaN,SUL,NaN,i8j0,SUL,5,16,NA,0,0,65
594,intra,HOT,HOTA,HOTA2,HOT_T1,SUL_NaN,SUL,NaN,i2j0,SUL,5,4,NA,0,0,32
595,intra,HOT,HOTA,HOTA2,HOT_T1,SUL_NaN,SUL,NaN,i4j0,SUL,5,8,NA,0,0,78
596,intra,HOT,HOTA,HOTA2,HOT_T1,SUL_NaN,SUL,NaN,i8j0,SUL,5,16,NA,0,0,62
597,intra,HOT,HOTA,HOTA3,HOT_T1,SUL_NaN,SUL,NaN,i2j0,SUL,5,4,NA,0,0,32
598,intra,HOT,HOTA,HOTA3,HOT_T1,SUL_NaN,SUL,NaN,i4j0,SUL,5,8,NA,0,0,56
599,intra,HOT,HOTA,HOTA3,HOT_T1,SUL_NaN,SUL,NaN,i8j0,SUL,5,16,NA,0,0,65
600,intra,HOT,HOTB,HOTB4,HOT_EXTRA,SUL_NaN,SUL,NaN,i2j0,SUL,5,4,NA,0,0,39
601,intra,HOT,HOTB,HOTB4,HOT_EXTRA,SUL_NaN,SUL,NaN,i4j0,SUL,5,8,NA,0,0,49
602,intra,HOT,HOTB,HOTB4,HOT_EXTRA,SUL_NaN,SUL,NaN,i8j0,SUL,5,16,NA,0,0,74
603,intra,HOT,HOTB,HOTB5,HOT_EXTRA,SUL_NaN,SUL,NaN,i2j0,SUL,5,4,NA,0,0,26
604,intra,HOT,HOTB,HOTB5,HOT_EXTRA,SUL_NaN,SUL,NaN,i4j0,SUL,5,8,NA,0,0,67
605,intra,HOT,HOTB,HOTB5,HOT_EXTRA,SUL_NaN,SUL,NaN,i8j0,SUL,5,16,NA,0,0,56
606,intra,HOT,HOTB,HOTB6,HOT_EXTRA,SUL_NaN,SUL,NaN,i2j0,SUL,5,4,NA,0,0,43
607,intra,HOT,HOTB,HOTB6,HOT_EXTRA,SUL_NaN,SUL,NaN,i4j0,SUL,5,8,NA,0,0,22
608,intra,HOT,HOTB,HOTB6,HOT_EXTRA,SUL_NaN,SUL,NaN,i8j0,SUL,5,16,NA,0,0,75
609,intra,HOT,HOTB,HOTB7,HOT_EXTRA,SUL_NaN,SUL,NaN,i2j0,SUL,5,4,NA,0,0,35
610,intra,HOT,HOTB,HOTB7,HOT_EXTRA,SUL_NaN,SUL,NaN,i4j0,SUL,5,8,NA,0,0,62
611,intra,HOT,HOTB,HOTB7,HOT_EXTRA,SUL_NaN,SUL,NaN,i8j0,SUL,5,16,NA,0,0,21
612,intra,HOT,HOTC,HOTC8,HOT_T6,SUL_NaN,SUL,NaN,i2j0,SUL,5,4,NA,0,0,36
613,intra,HOT,HOTC,HOTC8,HOT_T6,SUL_NaN,SUL,NaN,i4j0,SUL,5,8,NA,0,0,58
614,intra,HOT,HOTC,HOTC8,HOT_T6,SUL_NaN,SUL,NaN,i8j0,SUL,5,16,NA,0,0,56
615,intra,HOT,HOTC,HOTC9,HOT_T6,SUL_NaN,SUL,NaN,i2j0,SUL,5,4,NA,0,0,6
616,intra,HOT,HOTC,HOTC9,HOT_T6,SUL_NaN,SUL,NaN,i4j0,SUL,5,8,NA,0,0,35
617,intra,HOT,HOTC,HOTC9,HOT_T6,SUL_NaN,SUL,NaN,i8j0,SUL,5,16,NA,0,0,42
618,intra,HOT,HOTC,HOTC10,HOT_T6,SUL_NaN,SUL,NaN,i2j0,SUL,5,4,NA,0,0,16
619,intra,HOT,HOTC,HOTC10,HOT_T6,SUL_NaN,SUL,NaN,i4j0,SUL,5,8,NA,0,0,19
620,intra,HOT,HOTC,HOTC10,HOT_T6,SUL_NaN,SUL,NaN,i8j0,SUL,5,16,NA,0,0,68
621,intra,HOT,HOTA,HOTA1,HOT_T2,PST_NaN,PST,NaN,i2j0,PST,4,4,NA,0,0,0
622,intra,HOT,HOTA,HOTA1,HOT_T2,PST_NaN,PST,NaN,i4j0,PST,4,8,NA,0,0,0
623,intra,HOT,HOTA,HOTA1,HOT_T2,PST_NaN,PST,NaN,i8j0,PST,4,16,NA,0,0,0
624,intra,HOT,HOTA,HOTA2,HOT_T2,PST_NaN,PST,NaN,i2j0,PST,4,4,NA,0,0,0
625,intra,HOT,HOTA,HOTA2,HOT_T2,PST_NaN,PST,NaN,i4j0,PST,4,8,NA,0,0,0
626,intra,HOT,HOTA,HOTA2,HOT_T2,PST_NaN,PST,NaN,i8j0,PST,4,16,NA,0,0,0
627,intra,HOT,HOTA,HOTA3,HOT_T2,PST_NaN,PST,NaN,i2j0,PST,4,4,NA,0,0,0
628,intra,HOT,HOTA,HOTA3,HOT_T2,PST_NaN,PST,NaN,i4j0,PST,4,8,NA,0,0,0
629,intra,HOT,HOTA,HOTA3,HOT_T2,PST_NaN,PST,NaN,i8j0,PST,4,16,NA,0,0,0
630,intra,HOT,HOTB,HOTB4,HOT_T4,PST_NaN,PST,NaN,i2j0,PST,4,4,NA,0,0,0
631,intra,HOT,HOTB,HOTB4,HOT_T4,PST_NaN,PST,NaN,i4j0,PST,4,8,NA,0,0,0
632,intra,HOT,HOTB,HOTB4,HOT_T4,PST_NaN,PST,NaN,i8j0,PST,4,16,NA,0,0,0
633,intra,HOT,HOTB,HOTB5,HOT_T4,PST_NaN,PST,NaN,i2j0,PST,4,4,NA,0,0,0
634,intra,HOT,HOTB,HOTB5,HOT_T4,PST_NaN,PST,NaN,i4j0,PST,4,8,NA,0,0,0
635,intra,HOT,HOTB,HOTB5,HOT_T4,PST_NaN,PST,NaN,i8j0,PST,4,16,NA,0,0,0
636,intra,HOT,HOTB,HOTB6,HOT_T4,PST_NaN,PST,NaN,i2j0,PST,4,4,NA,0,0,0
637,intra,HOT,HOTB,HOTB6,HOT_T4,PST_NaN,PST,NaN,i4j0,PST,4,8,NA,0,0,0
638,intra,HOT,HOTB,HOTB6,HOT_T4,PST_NaN,PST,NaN,i8j0,PST,4,16,NA,0,0,0
639,intra,HOT,HOTB,HOTB7,HOT_T4,PST_NaN,PST,NaN,i2j0,PST,4,4,NA,0,0,0
640,intra,HOT,HOTB,HOTB7,HOT_T4,PST_NaN,PST,NaN,i4j0,PST,4,8,NA,0,0,0
641,intra,HOT,HOTB,HOTB7,HOT_T4,PST_NaN,PST,NaN,i8j0,PST,4,16,NA,0,0,0
642,intra,HOT,HOTC,HOTC8,HOT_T6,PST_NaN,PST,NaN,i2j0,PST,4,4,NA,0,0,0
643,intra,HOT,HOTC,HOTC8,HOT_T6,PST_NaN,PST,NaN,i4j0,PST,4,8,NA,0,0,0
644,intra,HOT,HOTC,HOTC8,HOT_T6,PST_NaN,PST,NaN,i8j0,PST,4,16,NA,0,0,0
645,intra,HOT,HOTC,HOTC9,HOT_T6,PST_NaN,PST,NaN,i2j0,PST,4,4,NA,0,0,0
646,intra,HOT,HOTC,HOTC9,HOT_T6,PST_NaN,PST,NaN,i4j0,PST,4,8,NA,0,0,0
647,intra,HOT,HOTC,HOTC9,HOT_T6,PST_NaN,PST,NaN,i8j0,PST,4,16,NA,0,0,0
648,intra,HOT,HOTC,HOTC10,HOT_T6,PST_NaN,PST,NaN,i2j0,PST,4,4,NA,0,0,0
649,intra,HOT,HOTC,HOTC10,HOT_T6,PST_NaN,PST,NaN,i4j0,PST,4,8,NA,0,0,0
650,intra,HOT,HOTC,HOTC10,HOT_T6,PST_NaN,PST,NaN,i8j0,PST,4,16,NA,0,0,0
1,inter,HOT,HOTA,HOTA1,HOT_T1,PAL_BIP,PAL,BIP,i4j2,PAL,2,8,BIP,1,4,0
2,inter,HOT,HOTA,HOTA1,HOT_T1,PAL_BIP,PAL,BIP,i4j4,PAL,2,8,BIP,1,8,0
3,inter,HOT,HOTA,HOTA1,HOT_T1,PAL_BIP,PAL,BIP,i4j8,PAL,2,8,BIP,1,16,0
4,inter,HOT,HOTA,HOTA1,HOT_T1,PAL_BIP,PAL,BIP,i2j4,PAL,2,4,BIP,1,8,0
5,inter,HOT,HOTA,HOTA1,HOT_T1,PAL_BIP,PAL,BIP,i8j4,PAL,2,16,BIP,1,8,0
6,inter,HOT,HOTA,HOTA2,HOT_T1,PAL_BIP,PAL,BIP,i4j2,PAL,2,8,BIP,1,4,0
7,inter,HOT,HOTA,HOTA2,HOT_T1,PAL_BIP,PAL,BIP,i4j4,PAL,2,8,BIP,1,8,4
8,inter,HOT,HOTA,HOTA2,HOT_T1,PAL_BIP,PAL,BIP,i4j8,PAL,2,8,BIP,1,16,2
9,inter,HOT,HOTA,HOTA2,HOT_T1,PAL_BIP,PAL,BIP,i2j4,PAL,2,4,BIP,1,8,0
10,inter,HOT,HOTA,HOTA2,HOT_T1,PAL_BIP,PAL,BIP,i8j4,PAL,2,16,BIP,1,8,1
11,inter,HOT,HOTA,HOTA3,HOT_T1,PAL_BIP,PAL,BIP,i4j2,PAL,2,8,BIP,1,4,0
12,inter,HOT,HOTA,HOTA3,HOT_T1,PAL_BIP,PAL,BIP,i4j4,PAL,2,8,BIP,1,8,0
13,inter,HOT,HOTA,HOTA3,HOT_T1,PAL_BIP,PAL,BIP,i4j8,PAL,2,8,BIP,1,16,0
14,inter,HOT,HOTA,HOTA3,HOT_T1,PAL_BIP,PAL,BIP,i2j4,PAL,2,4,BIP,1,8,1
15,inter,HOT,HOTA,HOTA3,HOT_T1,PAL_BIP,PAL,BIP,i8j4,PAL,2,16,BIP,1,8,8
26,inter,HOT,HOTB,HOTB6,HOT_T3,PAL_BIP,PAL,BIP,i4j2,PAL,2,8,BIP,1,4,0
27,inter,HOT,HOTB,HOTB6,HOT_T3,PAL_BIP,PAL,BIP,i4j4,PAL,2,8,BIP,1,8,0
28,inter,HOT,HOTB,HOTB6,HOT_T3,PAL_BIP,PAL,BIP,i4j8,PAL,2,8,BIP,1,16,0
29,inter,HOT,HOTB,HOTB6,HOT_T3,PAL_BIP,PAL,BIP,i2j4,PAL,2,4,BIP,1,8,0
30,inter,HOT,HOTB,HOTB6,HOT_T3,PAL_BIP,PAL,BIP,i8j4,PAL,2,16,BIP,1,8,1
31,inter,HOT,HOTB,HOTB7,HOT_T3,PAL_BIP,PAL,BIP,i4j2,PAL,2,8,BIP,1,4,0
32,inter,HOT,HOTB,HOTB7,HOT_T3,PAL_BIP,PAL,BIP,i4j4,PAL,2,8,BIP,1,8,0
33,inter,HOT,HOTB,HOTB7,HOT_T3,PAL_BIP,PAL,BIP,i4j8,PAL,2,8,BIP,1,16,2
34,inter,HOT,HOTB,HOTB7,HOT_T3,PAL_BIP,PAL,BIP,i2j4,PAL,2,4,BIP,1,8,0
35,inter,HOT,HOTB,HOTB7,HOT_T3,PAL_BIP,PAL,BIP,i8j4,PAL,2,16,BIP,1,8,0
36,inter,HOT,HOTC,HOTC8,HOT_T5,PAL_BIP,PAL,BIP,i4j2,PAL,2,8,BIP,1,4,6
37,inter,HOT,HOTC,HOTC8,HOT_T5,PAL_BIP,PAL,BIP,i4j4,PAL,2,8,BIP,1,8,1
38,inter,HOT,HOTC,HOTC8,HOT_T5,PAL_BIP,PAL,BIP,i4j8,PAL,2,8,BIP,1,16,0
39,inter,HOT,HOTC,HOTC8,HOT_T5,PAL_BIP,PAL,BIP,i2j4,PAL,2,4,BIP,1,8,0
40,inter,HOT,HOTC,HOTC8,HOT_T5,PAL_BIP,PAL,BIP,i8j4,PAL,2,16,BIP,1,8,0
41,inter,HOT,HOTC,HOTC9,HOT_T5,PAL_BIP,PAL,BIP,i4j2,PAL,2,8,BIP,1,4,0
42,inter,HOT,HOTC,HOTC9,HOT_T5,PAL_BIP,PAL,BIP,i4j4,PAL,2,8,BIP,1,8,0
43,inter,HOT,HOTC,HOTC9,HOT_T5,PAL_BIP,PAL,BIP,i4j8,PAL,2,8,BIP,1,16,1
44,inter,HOT,HOTC,HOTC9,HOT_T5,PAL_BIP,PAL,BIP,i2j4,PAL,2,4,BIP,1,8,0
45,inter,HOT,HOTC,HOTC9,HOT_T5,PAL_BIP,PAL,BIP,i8j4,PAL,2,16,BIP,1,8,0
46,inter,HOT,HOTC,HOTC10,HOT_T5,PAL_BIP,PAL,BIP,i4j2,PAL,2,8,BIP,1,4,0
47,inter,HOT,HOTC,HOTC10,HOT_T5,PAL_BIP,PAL,BIP,i4j4,PAL,2,8,BIP,1,8,0
48,inter,HOT,HOTC,HOTC10,HOT_T5,PAL_BIP,PAL,BIP,i4j8,PAL,2,8,BIP,1,16,0
49,inter,HOT,HOTC,HOTC10,HOT_T5,PAL_BIP,PAL,BIP,i2j4,PAL,2,4,BIP,1,8,0
50,inter,HOT,HOTC,HOTC10,HOT_T5,PAL_BIP,PAL,BIP,i8j4,PAL,2,16,BIP,1,8,2
51,inter,HOT,HOTA,HOTA1,HOT_T1,PST_BIP,PST,BIP,i4j2,PST,4,8,BIP,1,4,0
52,inter,HOT,HOTA,HOTA1,HOT_T1,PST_BIP,PST,BIP,i4j4,PST,4,8,BIP,1,8,0
53,inter,HOT,HOTA,HOTA1,HOT_T1,PST_BIP,PST,BIP,i4j8,PST,4,8,BIP,1,16,0
54,inter,HOT,HOTA,HOTA1,HOT_T1,PST_BIP,PST,BIP,i2j4,PST,4,4,BIP,1,8,0
55,inter,HOT,HOTA,HOTA1,HOT_T1,PST_BIP,PST,BIP,i8j4,PST,4,16,BIP,1,8,0
56,inter,HOT,HOTA,HOTA2,HOT_T1,PST_BIP,PST,BIP,i4j2,PST,4,8,BIP,1,4,0
57,inter,HOT,HOTA,HOTA2,HOT_T1,PST_BIP,PST,BIP,i4j4,PST,4,8,BIP,1,8,0
58,inter,HOT,HOTA,HOTA2,HOT_T1,PST_BIP,PST,BIP,i4j8,PST,4,8,BIP,1,16,0
59,inter,HOT,HOTA,HOTA2,HOT_T1,PST_BIP,PST,BIP,i2j4,PST,4,4,BIP,1,8,0
60,inter,HOT,HOTA,HOTA2,HOT_T1,PST_BIP,PST,BIP,i8j4,PST,4,16,BIP,1,8,0
61,inter,HOT,HOTA,HOTA3,HOT_T1,PST_BIP,PST,BIP,i4j2,PST,4,8,BIP,1,4,0
62,inter,HOT,HOTA,HOTA3,HOT_T1,PST_BIP,PST,BIP,i4j4,PST,4,8,BIP,1,8,0
63,inter,HOT,HOTA,HOTA3,HOT_T1,PST_BIP,PST,BIP,i4j8,PST,4,8,BIP,1,16,0
64,inter,HOT,HOTA,HOTA3,HOT_T1,PST_BIP,PST,BIP,i2j4,PST,4,4,BIP,1,8,0
65,inter,HOT,HOTA,HOTA3,HOT_T1,PST_BIP,PST,BIP,i8j4,PST,4,16,BIP,1,8,0
66,inter,HOT,HOTB,HOTB4,HOT_T3,PST_BIP,PST,BIP,i4j2,PST,4,8,BIP,1,4,0
67,inter,HOT,HOTB,HOTB4,HOT_T3,PST_BIP,PST,BIP,i4j4,PST,4,8,BIP,1,8,0
68,inter,HOT,HOTB,HOTB4,HOT_T3,PST_BIP,PST,BIP,i4j8,PST,4,8,BIP,1,16,0
69,inter,HOT,HOTB,HOTB4,HOT_T3,PST_BIP,PST,BIP,i2j4,PST,4,4,BIP,1,8,0
70,inter,HOT,HOTB,HOTB4,HOT_T3,PST_BIP,PST,BIP,i8j4,PST,4,16,BIP,1,8,0
71,inter,HOT,HOTB,HOTB5,HOT_T3,PST_BIP,PST,BIP,i4j2,PST,4,8,BIP,1,4,0
72,inter,HOT,HOTB,HOTB5,HOT_T3,PST_BIP,PST,BIP,i4j4,PST,4,8,BIP,1,8,0
73,inter,HOT,HOTB,HOTB5,HOT_T3,PST_BIP,PST,BIP,i4j8,PST,4,8,BIP,1,16,0
74,inter,HOT,HOTB,HOTB5,HOT_T3,PST_BIP,PST,BIP,i2j4,PST,4,4,BIP,1,8,0
75,inter,HOT,HOTB,HOTB5,HOT_T3,PST_BIP,PST,BIP,i8j4,PST,4,16,BIP,1,8,0
76,inter,HOT,HOTB,HOTB6,HOT_T3,PST_BIP,PST,BIP,i4j2,PST,4,8,BIP,1,4,0
77,inter,HOT,HOTB,HOTB6,HOT_T3,PST_BIP,PST,BIP,i4j4,PST,4,8,BIP,1,8,0
78,inter,HOT,HOTB,HOTB6,HOT_T3,PST_BIP,PST,BIP,i4j8,PST,4,8,BIP,1,16,0
79,inter,HOT,HOTB,HOTB6,HOT_T3,PST_BIP,PST,BIP,i2j4,PST,4,4,BIP,1,8,0
80,inter,HOT,HOTB,HOTB6,HOT_T3,PST_BIP,PST,BIP,i8j4,PST,4,16,BIP,1,8,0
81,inter,HOT,HOTB,HOTB7,HOT_T3,PST_BIP,PST,BIP,i4j2,PST,4,8,BIP,1,4,0
82,inter,HOT,HOTB,HOTB7,HOT_T3,PST_BIP,PST,BIP,i4j4,PST,4,8,BIP,1,8,0
83,inter,HOT,HOTB,HOTB7,HOT_T3,PST_BIP,PST,BIP,i4j8,PST,4,8,BIP,1,16,0
84,inter,HOT,HOTB,HOTB7,HOT_T3,PST_BIP,PST,BIP,i2j4,PST,4,4,BIP,1,8,0
85,inter,HOT,HOTB,HOTB7,HOT_T3,PST_BIP,PST,BIP,i8j4,PST,4,16,BIP,1,8,0
86,inter,HOT,HOTC,HOTC8,HOT_T5,PST_BIP,PST,BIP,i4j2,PST,4,8,BIP,1,4,0
87,inter,HOT,HOTC,HOTC8,HOT_T5,PST_BIP,PST,BIP,i4j4,PST,4,8,BIP,1,8,0
88,inter,HOT,HOTC,HOTC8,HOT_T5,PST_BIP,PST,BIP,i4j8,PST,4,8,BIP,1,16,0
89,inter,HOT,HOTC,HOTC8,HOT_T5,PST_BIP,PST,BIP,i2j4,PST,4,4,BIP,1,8,0
90,inter,HOT,HOTC,HOTC8,HOT_T5,PST_BIP,PST,BIP,i8j4,PST,4,16,BIP,1,8,0
91,inter,HOT,HOTC,HOTC9,HOT_T5,PST_BIP,PST,BIP,i4j2,PST,4,8,BIP,1,4,0
92,inter,HOT,HOTC,HOTC9,HOT_T5,PST_BIP,PST,BIP,i4j4,PST,4,8,BIP,1,8,0
93,inter,HOT,HOTC,HOTC9,HOT_T5,PST_BIP,PST,BIP,i4j8,PST,4,8,BIP,1,16,0
94,inter,HOT,HOTC,HOTC9,HOT_T5,PST_BIP,PST,BIP,i2j4,PST,4,4,BIP,1,8,0
95,inter,HOT,HOTC,HOTC9,HOT_T5,PST_BIP,PST,BIP,i8j4,PST,4,16,BIP,1,8,0
96,inter,HOT,HOTC,HOTC10,HOT_T5,PST_BIP,PST,BIP,i4j2,PST,4,8,BIP,1,4,0
97,inter,HOT,HOTC,HOTC10,HOT_T5,PST_BIP,PST,BIP,i4j4,PST,4,8,BIP,1,8,0
98,inter,HOT,HOTC,HOTC10,HOT_T5,PST_BIP,PST,BIP,i4j8,PST,4,8,BIP,1,16,0
99,inter,HOT,HOTC,HOTC10,HOT_T5,PST_BIP,PST,BIP,i2j4,PST,4,4,BIP,1,8,0
100,inter,HOT,HOTC,HOTC10,HOT_T5,PST_BIP,PST,BIP,i8j4,PST,4,16,BIP,1,8,0
101,inter,HOT,HOTA,HOTA1,HOT_T1,SUL_BIP,SUL,BIP,i4j2,SUL,5,8,BIP,1,4,34
102,inter,HOT,HOTA,HOTA1,HOT_T1,SUL_BIP,SUL,BIP,i4j4,SUL,5,8,BIP,1,8,64
103,inter,HOT,HOTA,HOTA1,HOT_T1,SUL_BIP,SUL,BIP,i4j8,SUL,5,8,BIP,1,16,43
104,inter,HOT,HOTA,HOTA1,HOT_T1,SUL_BIP,SUL,BIP,i2j4,SUL,5,4,BIP,1,8,36
105,inter,HOT,HOTA,HOTA1,HOT_T1,SUL_BIP,SUL,BIP,i8j4,SUL,5,16,BIP,1,8,64
106,inter,HOT,HOTA,HOTA2,HOT_T1,SUL_BIP,SUL,BIP,i4j2,SUL,5,8,BIP,1,4,48
107,inter,HOT,HOTA,HOTA2,HOT_T1,SUL_BIP,SUL,BIP,i4j4,SUL,5,8,BIP,1,8,56
108,inter,HOT,HOTA,HOTA2,HOT_T1,SUL_BIP,SUL,BIP,i4j8,SUL,5,8,BIP,1,16,46
109,inter,HOT,HOTA,HOTA2,HOT_T1,SUL_BIP,SUL,BIP,i2j4,SUL,5,4,BIP,1,8,41
110,inter,HOT,HOTA,HOTA2,HOT_T1,SUL_BIP,SUL,BIP,i8j4,SUL,5,16,BIP,1,8,56
111,inter,HOT,HOTA,HOTA3,HOT_T1,SUL_BIP,SUL,BIP,i4j2,SUL,5,8,BIP,1,4,54
112,inter,HOT,HOTA,HOTA3,HOT_T1,SUL_BIP,SUL,BIP,i4j4,SUL,5,8,BIP,1,8,60
113,inter,HOT,HOTA,HOTA3,HOT_T1,SUL_BIP,SUL,BIP,i4j8,SUL,5,8,BIP,1,16,44
114,inter,HOT,HOTA,HOTA3,HOT_T1,SUL_BIP,SUL,BIP,i2j4,SUL,5,4,BIP,1,8,10
115,inter,HOT,HOTA,HOTA3,HOT_T1,SUL_BIP,SUL,BIP,i8j4,SUL,5,16,BIP,1,8,69
116,inter,HOT,HOTB,HOTB4,HOT_T3,SUL_BIP,SUL,BIP,i4j2,SUL,5,8,BIP,1,4,2
117,inter,HOT,HOTB,HOTB4,HOT_T3,SUL_BIP,SUL,BIP,i4j4,SUL,5,8,BIP,1,8,63
118,inter,HOT,HOTB,HOTB4,HOT_T3,SUL_BIP,SUL,BIP,i4j8,SUL,5,8,BIP,1,16,32
119,inter,HOT,HOTB,HOTB4,HOT_T3,SUL_BIP,SUL,BIP,i2j4,SUL,5,4,BIP,1,8,21
120,inter,HOT,HOTB,HOTB4,HOT_T3,SUL_BIP,SUL,BIP,i8j4,SUL,5,16,BIP,1,8,69
121,inter,HOT,HOTB,HOTB5,HOT_T3,SUL_BIP,SUL,BIP,i4j2,SUL,5,8,BIP,1,4,33
122,inter,HOT,HOTB,HOTB5,HOT_T3,SUL_BIP,SUL,BIP,i4j4,SUL,5,8,BIP,1,8,42
123,inter,HOT,HOTB,HOTB5,HOT_T3,SUL_BIP,SUL,BIP,i4j8,SUL,5,8,BIP,1,16,42
124,inter,HOT,HOTB,HOTB5,HOT_T3,SUL_BIP,SUL,BIP,i2j4,SUL,5,4,BIP,1,8,33
125,inter,HOT,HOTB,HOTB5,HOT_T3,SUL_BIP,SUL,BIP,i8j4,SUL,5,16,BIP,1,8,47
126,inter,HOT,HOTB,HOTB6,HOT_T3,SUL_BIP,SUL,BIP,i4j2,SUL,5,8,BIP,1,4,53
127,inter,HOT,HOTB,HOTB6,HOT_T3,SUL_BIP,SUL,BIP,i4j4,SUL,5,8,BIP,1,8,46
128,inter,HOT,HOTB,HOTB6,HOT_T3,SUL_BIP,SUL,BIP,i4j8,SUL,5,8,BIP,1,16,37
129,inter,HOT,HOTB,HOTB6,HOT_T3,SUL_BIP,SUL,BIP,i2j4,SUL,5,4,BIP,1,8,47
130,inter,HOT,HOTB,HOTB6,HOT_T3,SUL_BIP,SUL,BIP,i8j4,SUL,5,16,BIP,1,8,47
131,inter,HOT,HOTB,HOTB7,HOT_T3,SUL_BIP,SUL,BIP,i4j2,SUL,5,8,BIP,1,4,21
132,inter,HOT,HOTB,HOTB7,HOT_T3,SUL_BIP,SUL,BIP,i4j4,SUL,5,8,BIP,1,8,43
133,inter,HOT,HOTB,HOTB7,HOT_T3,SUL_BIP,SUL,BIP,i4j8,SUL,5,8,BIP,1,16,27
134,inter,HOT,HOTB,HOTB7,HOT_T3,SUL_BIP,SUL,BIP,i2j4,SUL,5,4,BIP,1,8,6
135,inter,HOT,HOTB,HOTB7,HOT_T3,SUL_BIP,SUL,BIP,i8j4,SUL,5,16,BIP,1,8,56
136,inter,HOT,HOTC,HOTC8,HOT_T5,SUL_BIP,SUL,BIP,i4j2,SUL,5,8,BIP,1,4,27
137,inter,HOT,HOTC,HOTC8,HOT_T5,SUL_BIP,SUL,BIP,i4j4,SUL,5,8,BIP,1,8,52
138,inter,HOT,HOTC,HOTC8,HOT_T5,SUL_BIP,SUL,BIP,i4j8,SUL,5,8,BIP,1,16,31
139,inter,HOT,HOTC,HOTC8,HOT_T5,SUL_BIP,SUL,BIP,i2j4,SUL,5,4,BIP,1,8,27
140,inter,HOT,HOTC,HOTC8,HOT_T5,SUL_BIP,SUL,BIP,i8j4,SUL,5,16,BIP,1,8,58
141,inter,HOT,HOTC,HOTC9,HOT_T5,SUL_BIP,SUL,BIP,i4j2,SUL,5,8,BIP,1,4,59
142,inter,HOT,HOTC,HOTC9,HOT_T5,SUL_BIP,SUL,BIP,i4j4,SUL,5,8,BIP,1,8,44
143,inter,HOT,HOTC,HOTC9,HOT_T5,SUL_BIP,SUL,BIP,i4j8,SUL,5,8,BIP,1,16,26
144,inter,HOT,HOTC,HOTC9,HOT_T5,SUL_BIP,SUL,BIP,i2j4,SUL,5,4,BIP,1,8,2
145,inter,HOT,HOTC,HOTC9,HOT_T5,SUL_BIP,SUL,BIP,i8j4,SUL,5,16,BIP,1,8,66
146,inter,HOT,HOTC,HOTC10,HOT_T5,SUL_BIP,SUL,BIP,i4j2,SUL,5,8,BIP,1,4,51
147,inter,HOT,HOTC,HOTC10,HOT_T5,SUL_BIP,SUL,BIP,i4j4,SUL,5,8,BIP,1,8,44
148,inter,HOT,HOTC,HOTC10,HOT_T5,SUL_BIP,SUL,BIP,i4j8,SUL,5,8,BIP,1,16,27
149,inter,HOT,HOTC,HOTC10,HOT_T5,SUL_BIP,SUL,BIP,i2j4,SUL,5,4,BIP,1,8,17
150,inter,HOT,HOTC,HOTC10,HOT_T5,SUL_BIP,SUL,BIP,i8j4,SUL,5,16,BIP,1,8,60
151,inter,HOT,HOTA,HOTA1,HOT_T1,PAN_BIP,PAN,BIP,i4j2,PAN,3,8,BIP,1,4,78
152,inter,HOT,HOTA,HOTA1,HOT_T1,PAN_BIP,PAN,BIP,i4j4,PAN,3,8,BIP,1,8,80
153,inter,HOT,HOTA,HOTA1,HOT_T1,PAN_BIP,PAN,BIP,i4j8,PAN,3,8,BIP,1,16,68
154,inter,HOT,HOTA,HOTA1,HOT_T1,PAN_BIP,PAN,BIP,i2j4,PAN,3,4,BIP,1,8,28
155,inter,HOT,HOTA,HOTA1,HOT_T1,PAN_BIP,PAN,BIP,i8j4,PAN,3,16,BIP,1,8,144
156,inter,HOT,HOTA,HOTA2,HOT_T1,PAN_BIP,PAN,BIP,i4j2,PAN,3,8,BIP,1,4,116
157,inter,HOT,HOTA,HOTA2,HOT_T1,PAN_BIP,PAN,BIP,i4j4,PAN,3,8,BIP,1,8,70
158,inter,HOT,HOTA,HOTA2,HOT_T1,PAN_BIP,PAN,BIP,i4j8,PAN,3,8,BIP,1,16,76
159,inter,HOT,HOTA,HOTA2,HOT_T1,PAN_BIP,PAN,BIP,i2j4,PAN,3,4,BIP,1,8,32
160,inter,HOT,HOTA,HOTA2,HOT_T1,PAN_BIP,PAN,BIP,i8j4,PAN,3,16,BIP,1,8,132
161,inter,HOT,HOTA,HOTA3,HOT_T1,PAN_BIP,PAN,BIP,i4j2,PAN,3,8,BIP,1,4,114
162,inter,HOT,HOTA,HOTA3,HOT_T1,PAN_BIP,PAN,BIP,i4j4,PAN,3,8,BIP,1,8,84
163,inter,HOT,HOTA,HOTA3,HOT_T1,PAN_BIP,PAN,BIP,i4j8,PAN,3,8,BIP,1,16,48
164,inter,HOT,HOTA,HOTA3,HOT_T1,PAN_BIP,PAN,BIP,i2j4,PAN,3,4,BIP,1,8,66
165,inter,HOT,HOTA,HOTA3,HOT_T1,PAN_BIP,PAN,BIP,i8j4,PAN,3,16,BIP,1,8,76
166,inter,HOT,HOTB,HOTB4,HOT_T3,PAN_BIP,PAN,BIP,i4j2,PAN,3,8,BIP,1,4,98
167,inter,HOT,HOTB,HOTB4,HOT_T3,PAN_BIP,PAN,BIP,i4j4,PAN,3,8,BIP,1,8,100
168,inter,HOT,HOTB,HOTB4,HOT_T3,PAN_BIP,PAN,BIP,i4j8,PAN,3,8,BIP,1,16,82
169,inter,HOT,HOTB,HOTB4,HOT_T3,PAN_BIP,PAN,BIP,i2j4,PAN,3,4,BIP,1,8,30
170,inter,HOT,HOTB,HOTB4,HOT_T3,PAN_BIP,PAN,BIP,i8j4,PAN,3,16,BIP,1,8,118
171,inter,HOT,HOTB,HOTB5,HOT_T3,PAN_BIP,PAN,BIP,i4j2,PAN,3,8,BIP,1,4,90
172,inter,HOT,HOTB,HOTB5,HOT_T3,PAN_BIP,PAN,BIP,i4j4,PAN,3,8,BIP,1,8,56
173,inter,HOT,HOTB,HOTB5,HOT_T3,PAN_BIP,PAN,BIP,i4j8,PAN,3,8,BIP,1,16,66
174,inter,HOT,HOTB,HOTB5,HOT_T3,PAN_BIP,PAN,BIP,i2j4,PAN,3,4,BIP,1,8,38
175,inter,HOT,HOTB,HOTB5,HOT_T3,PAN_BIP,PAN,BIP,i8j4,PAN,3,16,BIP,1,8,112
176,inter,HOT,HOTB,HOTB6,HOT_T3,PAN_BIP,PAN,BIP,i4j2,PAN,3,8,BIP,1,4,6
177,inter,HOT,HOTB,HOTB6,HOT_T3,PAN_BIP,PAN,BIP,i4j4,PAN,3,8,BIP,1,8,66
178,inter,HOT,HOTB,HOTB6,HOT_T3,PAN_BIP,PAN,BIP,i4j8,PAN,3,8,BIP,1,16,54
179,inter,HOT,HOTB,HOTB6,HOT_T3,PAN_BIP,PAN,BIP,i2j4,PAN,3,4,BIP,1,8,68
180,inter,HOT,HOTB,HOTB6,HOT_T3,PAN_BIP,PAN,BIP,i8j4,PAN,3,16,BIP,1,8,102
181,inter,HOT,HOTB,HOTB7,HOT_T3,PAN_BIP,PAN,BIP,i4j2,PAN,3,8,BIP,1,4,66
182,inter,HOT,HOTB,HOTB7,HOT_T3,PAN_BIP,PAN,BIP,i4j4,PAN,3,8,BIP,1,8,128
183,inter,HOT,HOTB,HOTB7,HOT_T3,PAN_BIP,PAN,BIP,i4j8,PAN,3,8,BIP,1,16,50
184,inter,HOT,HOTB,HOTB7,HOT_T3,PAN_BIP,PAN,BIP,i2j4,PAN,3,4,BIP,1,8,26
185,inter,HOT,HOTB,HOTB7,HOT_T3,PAN_BIP,PAN,BIP,i8j4,PAN,3,16,BIP,1,8,124
186,inter,HOT,HOTC,HOTC8,HOT_T5,PAN_BIP,PAN,BIP,i4j2,PAN,3,8,BIP,1,4,78
187,inter,HOT,HOTC,HOTC8,HOT_T5,PAN_BIP,PAN,BIP,i4j4,PAN,3,8,BIP,1,8,82
188,inter,HOT,HOTC,HOTC8,HOT_T5,PAN_BIP,PAN,BIP,i4j8,PAN,3,8,BIP,1,16,60
189,inter,HOT,HOTC,HOTC8,HOT_T5,PAN_BIP,PAN,BIP,i2j4,PAN,3,4,BIP,1,8,56
190,inter,HOT,HOTC,HOTC8,HOT_T5,PAN_BIP,PAN,BIP,i8j4,PAN,3,16,BIP,1,8,102
191,inter,HOT,HOTC,HOTC9,HOT_T5,PAN_BIP,PAN,BIP,i4j2,PAN,3,8,BIP,1,4,36
192,inter,HOT,HOTC,HOTC9,HOT_T5,PAN_BIP,PAN,BIP,i4j4,PAN,3,8,BIP,1,8,64
193,inter,HOT,HOTC,HOTC9,HOT_T5,PAN_BIP,PAN,BIP,i4j8,PAN,3,8,BIP,1,16,68
194,inter,HOT,HOTC,HOTC9,HOT_T5,PAN_BIP,PAN,BIP,i2j4,PAN,3,4,BIP,1,8,20
195,inter,HOT,HOTC,HOTC9,HOT_T5,PAN_BIP,PAN,BIP,i8j4,PAN,3,16,BIP,1,8,96
196,inter,HOT,HOTC,HOTC10,HOT_T5,PAN_BIP,PAN,BIP,i4j2,PAN,3,8,BIP,1,4,62
197,inter,HOT,HOTC,HOTC10,HOT_T5,PAN_BIP,PAN,BIP,i4j4,PAN,3,8,BIP,1,8,76
198,inter,HOT,HOTC,HOTC10,HOT_T5,PAN_BIP,PAN,BIP,i4j8,PAN,3,8,BIP,1,16,52
199,inter,HOT,HOTC,HOTC10,HOT_T5,PAN_BIP,PAN,BIP,i2j4,PAN,3,4,BIP,1,8,32
200,inter,HOT,HOTC,HOTC10,HOT_T5,PAN_BIP,PAN,BIP,i8j4,PAN,3,16,BIP,1,8,66
201,inter,HOT,HOTA,HOTA1,HOT_T2,SUL_PAL,SUL,PAL,i4j2,SUL,5,8,PAL,2,4,46
202,inter,HOT,HOTA,HOTA1,HOT_T2,SUL_PAL,SUL,PAL,i4j4,SUL,5,8,PAL,2,8,62
203,inter,HOT,HOTA,HOTA1,HOT_T2,SUL_PAL,SUL,PAL,i4j8,SUL,5,8,PAL,2,16,42
204,inter,HOT,HOTA,HOTA1,HOT_T2,SUL_PAL,SUL,PAL,i2j4,SUL,5,4,PAL,2,8,46
205,inter,HOT,HOTA,HOTA1,HOT_T2,SUL_PAL,SUL,PAL,i8j4,SUL,5,16,PAL,2,8,64
206,inter,HOT,HOTA,HOTA2,HOT_T2,SUL_PAL,SUL,PAL,i4j2,SUL,5,8,PAL,2,4,48
207,inter,HOT,HOTA,HOTA2,HOT_T2,SUL_PAL,SUL,PAL,i4j4,SUL,5,8,PAL,2,8,82
208,inter,HOT,HOTA,HOTA2,HOT_T2,SUL_PAL,SUL,PAL,i4j8,SUL,5,8,PAL,2,16,84
209,inter,HOT,HOTA,HOTA2,HOT_T2,SUL_PAL,SUL,PAL,i2j4,SUL,5,4,PAL,2,8,28
210,inter,HOT,HOTA,HOTA2,HOT_T2,SUL_PAL,SUL,PAL,i8j4,SUL,5,16,PAL,2,8,78
211,inter,HOT,HOTA,HOTA3,HOT_T2,SUL_PAL,SUL,PAL,i4j2,SUL,5,8,PAL,2,4,44
212,inter,HOT,HOTA,HOTA3,HOT_T2,SUL_PAL,SUL,PAL,i4j4,SUL,5,8,PAL,2,8,50
213,inter,HOT,HOTA,HOTA3,HOT_T2,SUL_PAL,SUL,PAL,i4j8,SUL,5,8,PAL,2,16,72
214,inter,HOT,HOTA,HOTA3,HOT_T2,SUL_PAL,SUL,PAL,i2j4,SUL,5,4,PAL,2,8,46
215,inter,HOT,HOTA,HOTA3,HOT_T2,SUL_PAL,SUL,PAL,i8j4,SUL,5,16,PAL,2,8,84
226,inter,HOT,HOTB,HOTB6,HOT_T4,SUL_PAL,SUL,PAL,i4j2,SUL,5,8,PAL,2,4,66
227,inter,HOT,HOTB,HOTB6,HOT_T4,SUL_PAL,SUL,PAL,i4j4,SUL,5,8,PAL,2,8,48
228,inter,HOT,HOTB,HOTB6,HOT_T4,SUL_PAL,SUL,PAL,i4j8,SUL,5,8,PAL,2,16,56
229,inter,HOT,HOTB,HOTB6,HOT_T4,SUL_PAL,SUL,PAL,i2j4,SUL,5,4,PAL,2,8,36
230,inter,HOT,HOTB,HOTB6,HOT_T4,SUL_PAL,SUL,PAL,i8j4,SUL,5,16,PAL,2,8,64
231,inter,HOT,HOTB,HOTB7,HOT_T4,SUL_PAL,SUL,PAL,i4j2,SUL,5,8,PAL,2,4,86
232,inter,HOT,HOTB,HOTB7,HOT_T4,SUL_PAL,SUL,PAL,i4j4,SUL,5,8,PAL,2,8,36
233,inter,HOT,HOTB,HOTB7,HOT_T4,SUL_PAL,SUL,PAL,i4j8,SUL,5,8,PAL,2,16,56
234,inter,HOT,HOTB,HOTB7,HOT_T4,SUL_PAL,SUL,PAL,i2j4,SUL,5,4,PAL,2,8,44
235,inter,HOT,HOTB,HOTB7,HOT_T4,SUL_PAL,SUL,PAL,i8j4,SUL,5,16,PAL,2,8,32
236,inter,HOT,HOTC,HOTC8,HOT_T6,SUL_PAL,SUL,PAL,i4j2,SUL,5,8,PAL,2,4,20
237,inter,HOT,HOTC,HOTC8,HOT_T6,SUL_PAL,SUL,PAL,i4j4,SUL,5,8,PAL,2,8,46
238,inter,HOT,HOTC,HOTC8,HOT_T6,SUL_PAL,SUL,PAL,i4j8,SUL,5,8,PAL,2,16,32
239,inter,HOT,HOTC,HOTC8,HOT_T6,SUL_PAL,SUL,PAL,i2j4,SUL,5,4,PAL,2,8,18
240,inter,HOT,HOTC,HOTC8,HOT_T6,SUL_PAL,SUL,PAL,i8j4,SUL,5,16,PAL,2,8,54
241,inter,HOT,HOTC,HOTC9,HOT_T6,SUL_PAL,SUL,PAL,i4j2,SUL,5,8,PAL,2,4,42
242,inter,HOT,HOTC,HOTC9,HOT_T6,SUL_PAL,SUL,PAL,i4j4,SUL,5,8,PAL,2,8,42
243,inter,HOT,HOTC,HOTC9,HOT_T6,SUL_PAL,SUL,PAL,i4j8,SUL,5,8,PAL,2,16,72
244,inter,HOT,HOTC,HOTC9,HOT_T6,SUL_PAL,SUL,PAL,i2j4,SUL,5,4,PAL,2,8,8
245,inter,HOT,HOTC,HOTC9,HOT_T6,SUL_PAL,SUL,PAL,i8j4,SUL,5,16,PAL,2,8,46
246,inter,HOT,HOTC,HOTC10,HOT_T6,SUL_PAL,SUL,PAL,i4j2,SUL,5,8,PAL,2,4,60
247,inter,HOT,HOTC,HOTC10,HOT_T6,SUL_PAL,SUL,PAL,i4j4,SUL,5,8,PAL,2,8,42
248,inter,HOT,HOTC,HOTC10,HOT_T6,SUL_PAL,SUL,PAL,i4j8,SUL,5,8,PAL,2,16,66
249,inter,HOT,HOTC,HOTC10,HOT_T6,SUL_PAL,SUL,PAL,i2j4,SUL,5,4,PAL,2,8,28
250,inter,HOT,HOTC,HOTC10,HOT_T6,SUL_PAL,SUL,PAL,i8j4,SUL,5,16,PAL,2,8,72
1,inter,HOT,HOTA,HOTA1,HOT_T1,PAL_BIP,PAL,BIP,i4j2,BIP,1,4,PAL,2,8,41
2,inter,HOT,HOTA,HOTA1,HOT_T1,PAL_BIP,PAL,BIP,i4j4,BIP,1,8,PAL,2,8,76
3,inter,HOT,HOTA,HOTA1,HOT_T1,PAL_BIP,PAL,BIP,i4j8,BIP,1,16,PAL,2,8,107
4,inter,HOT,HOTA,HOTA1,HOT_T1,PAL_BIP,PAL,BIP,i2j4,BIP,1,8,PAL,2,4,83
5,inter,HOT,HOTA,HOTA1,HOT_T1,PAL_BIP,PAL,BIP,i8j4,BIP,1,8,PAL,2,16,78
6,inter,HOT,HOTA,HOTA2,HOT_T1,PAL_BIP,PAL,BIP,i4j2,BIP,1,4,PAL,2,8,40
7,inter,HOT,HOTA,HOTA2,HOT_T1,PAL_BIP,PAL,BIP,i4j4,BIP,1,8,PAL,2,8,57
8,inter,HOT,HOTA,HOTA2,HOT_T1,PAL_BIP,PAL,BIP,i4j8,BIP,1,16,PAL,2,8,103
9,inter,HOT,HOTA,HOTA2,HOT_T1,PAL_BIP,PAL,BIP,i2j4,BIP,1,8,PAL,2,4,106
10,inter,HOT,HOTA,HOTA2,HOT_T1,PAL_BIP,PAL,BIP,i8j4,BIP,1,8,PAL,2,16,69
11,inter,HOT,HOTA,HOTA3,HOT_T1,PAL_BIP,PAL,BIP,i4j2,BIP,1,4,PAL,2,8,44
12,inter,HOT,HOTA,HOTA3,HOT_T1,PAL_BIP,PAL,BIP,i4j4,BIP,1,8,PAL,2,8,78
13,inter,HOT,HOTA,HOTA3,HOT_T1,PAL_BIP,PAL,BIP,i4j8,BIP,1,16,PAL,2,8,123
14,inter,HOT,HOTA,HOTA3,HOT_T1,PAL_BIP,PAL,BIP,i2j4,BIP,1,8,PAL,2,4,53
15,inter,HOT,HOTA,HOTA3,HOT_T1,PAL_BIP,PAL,BIP,i8j4,BIP,1,8,PAL,2,16,69
26,inter,HOT,HOTB,HOTB6,HOT_T3,PAL_BIP,PAL,BIP,i4j2,BIP,1,4,PAL,2,8,41
27,inter,HOT,HOTB,HOTB6,HOT_T3,PAL_BIP,PAL,BIP,i4j4,BIP,1,8,PAL,2,8,68
28,inter,HOT,HOTB,HOTB6,HOT_T3,PAL_BIP,PAL,BIP,i4j8,BIP,1,16,PAL,2,8,107
29,inter,HOT,HOTB,HOTB6,HOT_T3,PAL_BIP,PAL,BIP,i2j4,BIP,1,8,PAL,2,4,62
30,inter,HOT,HOTB,HOTB6,HOT_T3,PAL_BIP,PAL,BIP,i8j4,BIP,1,8,PAL,2,16,59
31,inter,HOT,HOTB,HOTB7,HOT_T3,PAL_BIP,PAL,BIP,i4j2,BIP,1,4,PAL,2,8,41
32,inter,HOT,HOTB,HOTB7,HOT_T3,PAL_BIP,PAL,BIP,i4j4,BIP,1,8,PAL,2,8,77
33,inter,HOT,HOTB,HOTB7,HOT_T3,PAL_BIP,PAL,BIP,i4j8,BIP,1,16,PAL,2,8,96
34,inter,HOT,HOTB,HOTB7,HOT_T3,PAL_BIP,PAL,BIP,i2j4,BIP,1,8,PAL,2,4,79
35,inter,HOT,HOTB,HOTB7,HOT_T3,PAL_BIP,PAL,BIP,i8j4,BIP,1,8,PAL,2,16,60
36,inter,HOT,HOTC,HOTC8,HOT_T5,PAL_BIP,PAL,BIP,i4j2,BIP,1,4,PAL,2,8,26
37,inter,HOT,HOTC,HOTC8,HOT_T5,PAL_BIP,PAL,BIP,i4j4,BIP,1,8,PAL,2,8,78
38,inter,HOT,HOTC,HOTC8,HOT_T5,PAL_BIP,PAL,BIP,i4j8,BIP,1,16,PAL,2,8,102
39,inter,HOT,HOTC,HOTC8,HOT_T5,PAL_BIP,PAL,BIP,i2j4,BIP,1,8,PAL,2,4,60
40,inter,HOT,HOTC,HOTC8,HOT_T5,PAL_BIP,PAL,BIP,i8j4,BIP,1,8,PAL,2,16,54
41,inter,HOT,HOTC,HOTC9,HOT_T5,PAL_BIP,PAL,BIP,i4j2,BIP,1,4,PAL,2,8,55
42,inter,HOT,HOTC,HOTC9,HOT_T5,PAL_BIP,PAL,BIP,i4j4,BIP,1,8,PAL,2,8,70
43,inter,HOT,HOTC,HOTC9,HOT_T5,PAL_BIP,PAL,BIP,i4j8,BIP,1,16,PAL,2,8,103
44,inter,HOT,HOTC,HOTC9,HOT_T5,PAL_BIP,PAL,BIP,i2j4,BIP,1,8,PAL,2,4,87
45,inter,HOT,HOTC,HOTC9,HOT_T5,PAL_BIP,PAL,BIP,i8j4,BIP,1,8,PAL,2,16,65
46,inter,HOT,HOTC,HOTC10,HOT_T5,PAL_BIP,PAL,BIP,i4j2,BIP,1,4,PAL,2,8,59
47,inter,HOT,HOTC,HOTC10,HOT_T5,PAL_BIP,PAL,BIP,i4j4,BIP,1,8,PAL,2,8,62
48,inter,HOT,HOTC,HOTC10,HOT_T5,PAL_BIP,PAL,BIP,i4j8,BIP,1,16,PAL,2,8,103
49,inter,HOT,HOTC,HOTC10,HOT_T5,PAL_BIP,PAL,BIP,i2j4,BIP,1,8,PAL,2,4,81
50,inter,HOT,HOTC,HOTC10,HOT_T5,PAL_BIP,PAL,BIP,i8j4,BIP,1,8,PAL,2,16,55
51,inter,HOT,HOTA,HOTA1,HOT_T1,PST_BIP,PST,BIP,i4j2,BIP,1,4,PST,4,8,54
52,inter,HOT,HOTA,HOTA1,HOT_T1,PST_BIP,PST,BIP,i4j4,BIP,1,8,PST,4,8,66
53,inter,HOT,HOTA,HOTA1,HOT_T1,PST_BIP,PST,BIP,i4j8,BIP,1,16,PST,4,8,118
54,inter,HOT,HOTA,HOTA1,HOT_T1,PST_BIP,PST,BIP,i2j4,BIP,1,8,PST,4,4,32
55,inter,HOT,HOTA,HOTA1,HOT_T1,PST_BIP,PST,BIP,i8j4,BIP,1,8,PST,4,16,89
56,inter,HOT,HOTA,HOTA2,HOT_T1,PST_BIP,PST,BIP,i4j2,BIP,1,4,PST,4,8,48
57,inter,HOT,HOTA,HOTA2,HOT_T1,PST_BIP,PST,BIP,i4j4,BIP,1,8,PST,4,8,86
58,inter,HOT,HOTA,HOTA2,HOT_T1,PST_BIP,PST,BIP,i4j8,BIP,1,16,PST,4,8,150
59,inter,HOT,HOTA,HOTA2,HOT_T1,PST_BIP,PST,BIP,i2j4,BIP,1,8,PST,4,4,54
60,inter,HOT,HOTA,HOTA2,HOT_T1,PST_BIP,PST,BIP,i8j4,BIP,1,8,PST,4,16,70
61,inter,HOT,HOTA,HOTA3,HOT_T1,PST_BIP,PST,BIP,i4j2,BIP,1,4,PST,4,8,58
62,inter,HOT,HOTA,HOTA3,HOT_T1,PST_BIP,PST,BIP,i4j4,BIP,1,8,PST,4,8,86
63,inter,HOT,HOTA,HOTA3,HOT_T1,PST_BIP,PST,BIP,i4j8,BIP,1,16,PST,4,8,103
64,inter,HOT,HOTA,HOTA3,HOT_T1,PST_BIP,PST,BIP,i2j4,BIP,1,8,PST,4,4,43
65,inter,HOT,HOTA,HOTA3,HOT_T1,PST_BIP,PST,BIP,i8j4,BIP,1,8,PST,4,16,76
66,inter,HOT,HOTB,HOTB4,HOT_T3,PST_BIP,PST,BIP,i4j2,BIP,1,4,PST,4,8,31
67,inter,HOT,HOTB,HOTB4,HOT_T3,PST_BIP,PST,BIP,i4j4,BIP,1,8,PST,4,8,69
68,inter,HOT,HOTB,HOTB4,HOT_T3,PST_BIP,PST,BIP,i4j8,BIP,1,16,PST,4,8,113
69,inter,HOT,HOTB,HOTB4,HOT_T3,PST_BIP,PST,BIP,i2j4,BIP,1,8,PST,4,4,52
70,inter,HOT,HOTB,HOTB4,HOT_T3,PST_BIP,PST,BIP,i8j4,BIP,1,8,PST,4,16,49
71,inter,HOT,HOTB,HOTB5,HOT_T3,PST_BIP,PST,BIP,i4j2,BIP,1,4,PST,4,8,25
72,inter,HOT,HOTB,HOTB5,HOT_T3,PST_BIP,PST,BIP,i4j4,BIP,1,8,PST,4,8,52
73,inter,HOT,HOTB,HOTB5,HOT_T3,PST_BIP,PST,BIP,i4j8,BIP,1,16,PST,4,8,128
74,inter,HOT,HOTB,HOTB5,HOT_T3,PST_BIP,PST,BIP,i2j4,BIP,1,8,PST,4,4,50
75,inter,HOT,HOTB,HOTB5,HOT_T3,PST_BIP,PST,BIP,i8j4,BIP,1,8,PST,4,16,78
76,inter,HOT,HOTB,HOTB6,HOT_T3,PST_BIP,PST,BIP,i4j2,BIP,1,4,PST,4,8,51
77,inter,HOT,HOTB,HOTB6,HOT_T3,PST_BIP,PST,BIP,i4j4,BIP,1,8,PST,4,8,65
78,inter,HOT,HOTB,HOTB6,HOT_T3,PST_BIP,PST,BIP,i4j8,BIP,1,16,PST,4,8,86
79,inter,HOT,HOTB,HOTB6,HOT_T3,PST_BIP,PST,BIP,i2j4,BIP,1,8,PST,4,4,68
80,inter,HOT,HOTB,HOTB6,HOT_T3,PST_BIP,PST,BIP,i8j4,BIP,1,8,PST,4,16,57
81,inter,HOT,HOTB,HOTB7,HOT_T3,PST_BIP,PST,BIP,i4j2,BIP,1,4,PST,4,8,47
82,inter,HOT,HOTB,HOTB7,HOT_T3,PST_BIP,PST,BIP,i4j4,BIP,1,8,PST,4,8,41
83,inter,HOT,HOTB,HOTB7,HOT_T3,PST_BIP,PST,BIP,i4j8,BIP,1,16,PST,4,8,103
84,inter,HOT,HOTB,HOTB7,HOT_T3,PST_BIP,PST,BIP,i2j4,BIP,1,8,PST,4,4,59
85,inter,HOT,HOTB,HOTB7,HOT_T3,PST_BIP,PST,BIP,i8j4,BIP,1,8,PST,4,16,29
86,inter,HOT,HOTC,HOTC8,HOT_T5,PST_BIP,PST,BIP,i4j2,BIP,1,4,PST,4,8,62
87,inter,HOT,HOTC,HOTC8,HOT_T5,PST_BIP,PST,BIP,i4j4,BIP,1,8,PST,4,8,60
88,inter,HOT,HOTC,HOTC8,HOT_T5,PST_BIP,PST,BIP,i4j8,BIP,1,16,PST,4,8,98
89,inter,HOT,HOTC,HOTC8,HOT_T5,PST_BIP,PST,BIP,i2j4,BIP,1,8,PST,4,4,53
90,inter,HOT,HOTC,HOTC8,HOT_T5,PST_BIP,PST,BIP,i8j4,BIP,1,8,PST,4,16,54
91,inter,HOT,HOTC,HOTC9,HOT_T5,PST_BIP,PST,BIP,i4j2,BIP,1,4,PST,4,8,39
92,inter,HOT,HOTC,HOTC9,HOT_T5,PST_BIP,PST,BIP,i4j4,BIP,1,8,PST,4,8,71
93,inter,HOT,HOTC,HOTC9,HOT_T5,PST_BIP,PST,BIP,i4j8,BIP,1,16,PST,4,8,99
94,inter,HOT,HOTC,HOTC9,HOT_T5,PST_BIP,PST,BIP,i2j4,BIP,1,8,PST,4,4,44
95,inter,HOT,HOTC,HOTC9,HOT_T5,PST_BIP,PST,BIP,i8j4,BIP,1,8,PST,4,16,53
96,inter,HOT,HOTC,HOTC10,HOT_T5,PST_BIP,PST,BIP,i4j2,BIP,1,4,PST,4,8,42
97,inter,HOT,HOTC,HOTC10,HOT_T5,PST_BIP,PST,BIP,i4j4,BIP,1,8,PST,4,8,71
98,inter,HOT,HOTC,HOTC10,HOT_T5,PST_BIP,PST,BIP,i4j8,BIP,1,16,PST,4,8,118
99,inter,HOT,HOTC,HOTC10,HOT_T5,PST_BIP,PST,BIP,i2j4,BIP,1,8,PST,4,4,57
100,inter,HOT,HOTC,HOTC10,HOT_T5,PST_BIP,PST,BIP,i8j4,BIP,1,8,PST,4,16,98
101,inter,HOT,HOTA,HOTA1,HOT_T1,SUL_BIP,SUL,BIP,i4j2,BIP,1,4,SUL,5,8,36
102,inter,HOT,HOTA,HOTA1,HOT_T1,SUL_BIP,SUL,BIP,i4j4,BIP,1,8,SUL,5,8,37
103,inter,HOT,HOTA,HOTA1,HOT_T1,SUL_BIP,SUL,BIP,i4j8,BIP,1,16,SUL,5,8,74
104,inter,HOT,HOTA,HOTA1,HOT_T1,SUL_BIP,SUL,BIP,i2j4,BIP,1,8,SUL,5,4,84
105,inter,HOT,HOTA,HOTA1,HOT_T1,SUL_BIP,SUL,BIP,i8j4,BIP,1,8,SUL,5,16,40
106,inter,HOT,HOTA,HOTA2,HOT_T1,SUL_BIP,SUL,BIP,i4j2,BIP,1,4,SUL,5,8,37
107,inter,HOT,HOTA,HOTA2,HOT_T1,SUL_BIP,SUL,BIP,i4j4,BIP,1,8,SUL,5,8,58
108,inter,HOT,HOTA,HOTA2,HOT_T1,SUL_BIP,SUL,BIP,i4j8,BIP,1,16,SUL,5,8,51
109,inter,HOT,HOTA,HOTA2,HOT_T1,SUL_BIP,SUL,BIP,i2j4,BIP,1,8,SUL,5,4,58
110,inter,HOT,HOTA,HOTA2,HOT_T1,SUL_BIP,SUL,BIP,i8j4,BIP,1,8,SUL,5,16,66
111,inter,HOT,HOTA,HOTA3,HOT_T1,SUL_BIP,SUL,BIP,i4j2,BIP,1,4,SUL,5,8,24
112,inter,HOT,HOTA,HOTA3,HOT_T1,SUL_BIP,SUL,BIP,i4j4,BIP,1,8,SUL,5,8,45
113,inter,HOT,HOTA,HOTA3,HOT_T1,SUL_BIP,SUL,BIP,i4j8,BIP,1,16,SUL,5,8,70
114,inter,HOT,HOTA,HOTA3,HOT_T1,SUL_BIP,SUL,BIP,i2j4,BIP,1,8,SUL,5,4,92
115,inter,HOT,HOTA,HOTA3,HOT_T1,SUL_BIP,SUL,BIP,i8j4,BIP,1,8,SUL,5,16,47
116,inter,HOT,HOTB,HOTB4,HOT_T3,SUL_BIP,SUL,BIP,i4j2,BIP,1,4,SUL,5,8,51
117,inter,HOT,HOTB,HOTB4,HOT_T3,SUL_BIP,SUL,BIP,i4j4,BIP,1,8,SUL,5,8,34
118,inter,HOT,HOTB,HOTB4,HOT_T3,SUL_BIP,SUL,BIP,i4j8,BIP,1,16,SUL,5,8,66
119,inter,HOT,HOTB,HOTB4,HOT_T3,SUL_BIP,SUL,BIP,i2j4,BIP,1,8,SUL,5,4,81
120,inter,HOT,HOTB,HOTB4,HOT_T3,SUL_BIP,SUL,BIP,i8j4,BIP,1,8,SUL,5,16,47
121,inter,HOT,HOTB,HOTB5,HOT_T3,SUL_BIP,SUL,BIP,i4j2,BIP,1,4,SUL,5,8,32
122,inter,HOT,HOTB,HOTB5,HOT_T3,SUL_BIP,SUL,BIP,i4j4,BIP,1,8,SUL,5,8,60
123,inter,HOT,HOTB,HOTB5,HOT_T3,SUL_BIP,SUL,BIP,i4j8,BIP,1,16,SUL,5,8,105
124,inter,HOT,HOTB,HOTB5,HOT_T3,SUL_BIP,SUL,BIP,i2j4,BIP,1,8,SUL,5,4,73
125,inter,HOT,HOTB,HOTB5,HOT_T3,SUL_BIP,SUL,BIP,i8j4,BIP,1,8,SUL,5,16,43
126,inter,HOT,HOTB,HOTB6,HOT_T3,SUL_BIP,SUL,BIP,i4j2,BIP,1,4,SUL,5,8,21
127,inter,HOT,HOTB,HOTB6,HOT_T3,SUL_BIP,SUL,BIP,i4j4,BIP,1,8,SUL,5,8,47
128,inter,HOT,HOTB,HOTB6,HOT_T3,SUL_BIP,SUL,BIP,i4j8,BIP,1,16,SUL,5,8,76
129,inter,HOT,HOTB,HOTB6,HOT_T3,SUL_BIP,SUL,BIP,i2j4,BIP,1,8,SUL,5,4,50
130,inter,HOT,HOTB,HOTB6,HOT_T3,SUL_BIP,SUL,BIP,i8j4,BIP,1,8,SUL,5,16,27
131,inter,HOT,HOTB,HOTB7,HOT_T3,SUL_BIP,SUL,BIP,i4j2,BIP,1,4,SUL,5,8,35
132,inter,HOT,HOTB,HOTB7,HOT_T3,SUL_BIP,SUL,BIP,i4j4,BIP,1,8,SUL,5,8,45
133,inter,HOT,HOTB,HOTB7,HOT_T3,SUL_BIP,SUL,BIP,i4j8,BIP,1,16,SUL,5,8,101
134,inter,HOT,HOTB,HOTB7,HOT_T3,SUL_BIP,SUL,BIP,i2j4,BIP,1,8,SUL,5,4,70
135,inter,HOT,HOTB,HOTB7,HOT_T3,SUL_BIP,SUL,BIP,i8j4,BIP,1,8,SUL,5,16,30
136,inter,HOT,HOTC,HOTC8,HOT_T5,SUL_BIP,SUL,BIP,i4j2,BIP,1,4,SUL,5,8,26
137,inter,HOT,HOTC,HOTC8,HOT_T5,SUL_BIP,SUL,BIP,i4j4,BIP,1,8,SUL,5,8,38
138,inter,HOT,HOTC,HOTC8,HOT_T5,SUL_BIP,SUL,BIP,i4j8,BIP,1,16,SUL,5,8,86
139,inter,HOT,HOTC,HOTC8,HOT_T5,SUL_BIP,SUL,BIP,i2j4,BIP,1,8,SUL,5,4,69
140,inter,HOT,HOTC,HOTC8,HOT_T5,SUL_BIP,SUL,BIP,i8j4,BIP,1,8,SUL,5,16,35
141,inter,HOT,HOTC,HOTC9,HOT_T5,SUL_BIP,SUL,BIP,i4j2,BIP,1,4,SUL,5,8,27
142,inter,HOT,HOTC,HOTC9,HOT_T5,SUL_BIP,SUL,BIP,i4j4,BIP,1,8,SUL,5,8,53
143,inter,HOT,HOTC,HOTC9,HOT_T5,SUL_BIP,SUL,BIP,i4j8,BIP,1,16,SUL,5,8,110
144,inter,HOT,HOTC,HOTC9,HOT_T5,SUL_BIP,SUL,BIP,i2j4,BIP,1,8,SUL,5,4,69
145,inter,HOT,HOTC,HOTC9,HOT_T5,SUL_BIP,SUL,BIP,i8j4,BIP,1,8,SUL,5,16,24
146,inter,HOT,HOTC,HOTC10,HOT_T5,SUL_BIP,SUL,BIP,i4j2,BIP,1,4,SUL,5,8,20
147,inter,HOT,HOTC,HOTC10,HOT_T5,SUL_BIP,SUL,BIP,i4j4,BIP,1,8,SUL,5,8,46
148,inter,HOT,HOTC,HOTC10,HOT_T5,SUL_BIP,SUL,BIP,i4j8,BIP,1,16,SUL,5,8,92
149,inter,HOT,HOTC,HOTC10,HOT_T5,SUL_BIP,SUL,BIP,i2j4,BIP,1,8,SUL,5,4,58
150,inter,HOT,HOTC,HOTC10,HOT_T5,SUL_BIP,SUL,BIP,i8j4,BIP,1,8,SUL,5,16,29
151,inter,HOT,HOTA,HOTA1,HOT_T1,PAN_BIP,PAN,BIP,i4j2,BIP,1,4,PAN,3,8,50
152,inter,HOT,HOTA,HOTA1,HOT_T1,PAN_BIP,PAN,BIP,i4j4,BIP,1,8,PAN,3,8,90
153,inter,HOT,HOTA,HOTA1,HOT_T1,PAN_BIP,PAN,BIP,i4j8,BIP,1,16,PAN,3,8,130
154,inter,HOT,HOTA,HOTA1,HOT_T1,PAN_BIP,PAN,BIP,i2j4,BIP,1,8,PAN,3,4,78
155,inter,HOT,HOTA,HOTA1,HOT_T1,PAN_BIP,PAN,BIP,i8j4,BIP,1,8,PAN,3,16,32
156,inter,HOT,HOTA,HOTA2,HOT_T1,PAN_BIP,PAN,BIP,i4j2,BIP,1,4,PAN,3,8,34
157,inter,HOT,HOTA,HOTA2,HOT_T1,PAN_BIP,PAN,BIP,i4j4,BIP,1,8,PAN,3,8,64
158,inter,HOT,HOTA,HOTA2,HOT_T1,PAN_BIP,PAN,BIP,i4j8,BIP,1,16,PAN,3,8,100
159,inter,HOT,HOTA,HOTA2,HOT_T1,PAN_BIP,PAN,BIP,i2j4,BIP,1,8,PAN,3,4,84
160,inter,HOT,HOTA,HOTA2,HOT_T1,PAN_BIP,PAN,BIP,i8j4,BIP,1,8,PAN,3,16,46
161,inter,HOT,HOTA,HOTA3,HOT_T1,PAN_BIP,PAN,BIP,i4j2,BIP,1,4,PAN,3,8,30
162,inter,HOT,HOTA,HOTA3,HOT_T1,PAN_BIP,PAN,BIP,i4j4,BIP,1,8,PAN,3,8,68
163,inter,HOT,HOTA,HOTA3,HOT_T1,PAN_BIP,PAN,BIP,i4j8,BIP,1,16,PAN,3,8,134
164,inter,HOT,HOTA,HOTA3,HOT_T1,PAN_BIP,PAN,BIP,i2j4,BIP,1,8,PAN,3,4,74
165,inter,HOT,HOTA,HOTA3,HOT_T1,PAN_BIP,PAN,BIP,i8j4,BIP,1,8,PAN,3,16,60
166,inter,HOT,HOTB,HOTB4,HOT_T3,PAN_BIP,PAN,BIP,i4j2,BIP,1,4,PAN,3,8,44
167,inter,HOT,HOTB,HOTB4,HOT_T3,PAN_BIP,PAN,BIP,i4j4,BIP,1,8,PAN,3,8,70
168,inter,HOT,HOTB,HOTB4,HOT_T3,PAN_BIP,PAN,BIP,i4j8,BIP,1,16,PAN,3,8,72
169,inter,HOT,HOTB,HOTB4,HOT_T3,PAN_BIP,PAN,BIP,i2j4,BIP,1,8,PAN,3,4,60
170,inter,HOT,HOTB,HOTB4,HOT_T3,PAN_BIP,PAN,BIP,i8j4,BIP,1,8,PAN,3,16,36
171,inter,HOT,HOTB,HOTB5,HOT_T3,PAN_BIP,PAN,BIP,i4j2,BIP,1,4,PAN,3,8,28
172,inter,HOT,HOTB,HOTB5,HOT_T3,PAN_BIP,PAN,BIP,i4j4,BIP,1,8,PAN,3,8,56
173,inter,HOT,HOTB,HOTB5,HOT_T3,PAN_BIP,PAN,BIP,i4j8,BIP,1,16,PAN,3,8,100
174,inter,HOT,HOTB,HOTB5,HOT_T3,PAN_BIP,PAN,BIP,i2j4,BIP,1,8,PAN,3,4,66
175,inter,HOT,HOTB,HOTB5,HOT_T3,PAN_BIP,PAN,BIP,i8j4,BIP,1,8,PAN,3,16,32
176,inter,HOT,HOTB,HOTB6,HOT_T3,PAN_BIP,PAN,BIP,i4j2,BIP,1,4,PAN,3,8,4
177,inter,HOT,HOTB,HOTB6,HOT_T3,PAN_BIP,PAN,BIP,i4j4,BIP,1,8,PAN,3,8,66
178,inter,HOT,HOTB,HOTB6,HOT_T3,PAN_BIP,PAN,BIP,i4j8,BIP,1,16,PAN,3,8,86
179,inter,HOT,HOTB,HOTB6,HOT_T3,PAN_BIP,PAN,BIP,i2j4,BIP,1,8,PAN,3,4,36
180,inter,HOT,HOTB,HOTB6,HOT_T3,PAN_BIP,PAN,BIP,i8j4,BIP,1,8,PAN,3,16,48
181,inter,HOT,HOTB,HOTB7,HOT_T3,PAN_BIP,PAN,BIP,i4j2,BIP,1,4,PAN,3,8,28
182,inter,HOT,HOTB,HOTB7,HOT_T3,PAN_BIP,PAN,BIP,i4j4,BIP,1,8,PAN,3,8,34
183,inter,HOT,HOTB,HOTB7,HOT_T3,PAN_BIP,PAN,BIP,i4j8,BIP,1,16,PAN,3,8,102
184,inter,HOT,HOTB,HOTB7,HOT_T3,PAN_BIP,PAN,BIP,i2j4,BIP,1,8,PAN,3,4,46
185,inter,HOT,HOTB,HOTB7,HOT_T3,PAN_BIP,PAN,BIP,i8j4,BIP,1,8,PAN,3,16,54
186,inter,HOT,HOTC,HOTC8,HOT_T5,PAN_BIP,PAN,BIP,i4j2,BIP,1,4,PAN,3,8,48
187,inter,HOT,HOTC,HOTC8,HOT_T5,PAN_BIP,PAN,BIP,i4j4,BIP,1,8,PAN,3,8,64
188,inter,HOT,HOTC,HOTC8,HOT_T5,PAN_BIP,PAN,BIP,i4j8,BIP,1,16,PAN,3,8,104
189,inter,HOT,HOTC,HOTC8,HOT_T5,PAN_BIP,PAN,BIP,i2j4,BIP,1,8,PAN,3,4,48
190,inter,HOT,HOTC,HOTC8,HOT_T5,PAN_BIP,PAN,BIP,i8j4,BIP,1,8,PAN,3,16,66
191,inter,HOT,HOTC,HOTC9,HOT_T5,PAN_BIP,PAN,BIP,i4j2,BIP,1,4,PAN,3,8,26
192,inter,HOT,HOTC,HOTC9,HOT_T5,PAN_BIP,PAN,BIP,i4j4,BIP,1,8,PAN,3,8,38
193,inter,HOT,HOTC,HOTC9,HOT_T5,PAN_BIP,PAN,BIP,i4j8,BIP,1,16,PAN,3,8,112
194,inter,HOT,HOTC,HOTC9,HOT_T5,PAN_BIP,PAN,BIP,i2j4,BIP,1,8,PAN,3,4,92
195,inter,HOT,HOTC,HOTC9,HOT_T5,PAN_BIP,PAN,BIP,i8j4,BIP,1,8,PAN,3,16,42
196,inter,HOT,HOTC,HOTC10,HOT_T5,PAN_BIP,PAN,BIP,i4j2,BIP,1,4,PAN,3,8,22
197,inter,HOT,HOTC,HOTC10,HOT_T5,PAN_BIP,PAN,BIP,i4j4,BIP,1,8,PAN,3,8,36
198,inter,HOT,HOTC,HOTC10,HOT_T5,PAN_BIP,PAN,BIP,i4j8,BIP,1,16,PAN,3,8,120
199,inter,HOT,HOTC,HOTC10,HOT_T5,PAN_BIP,PAN,BIP,i2j4,BIP,1,8,PAN,3,4,58
200,inter,HOT,HOTC,HOTC10,HOT_T5,PAN_BIP,PAN,BIP,i8j4,BIP,1,8,PAN,3,16,56
201,inter,HOT,HOTA,HOTA1,HOT_T2,SUL_PAL,SUL,PAL,i4j2,PAL,2,4,SUL,5,8,2
202,inter,HOT,HOTA,HOTA1,HOT_T2,SUL_PAL,SUL,PAL,i4j4,PAL,2,8,SUL,5,8,0
203,inter,HOT,HOTA,HOTA1,HOT_T2,SUL_PAL,SUL,PAL,i4j8,PAL,2,16,SUL,5,8,10
204,inter,HOT,HOTA,HOTA1,HOT_T2,SUL_PAL,SUL,PAL,i2j4,PAL,2,8,SUL,5,4,8
205,inter,HOT,HOTA,HOTA1,HOT_T2,SUL_PAL,SUL,PAL,i8j4,PAL,2,8,SUL,5,16,0
206,inter,HOT,HOTA,HOTA2,HOT_T2,SUL_PAL,SUL,PAL,i4j2,PAL,2,4,SUL,5,8,0
207,inter,HOT,HOTA,HOTA2,HOT_T2,SUL_PAL,SUL,PAL,i4j4,PAL,2,8,SUL,5,8,0
208,inter,HOT,HOTA,HOTA2,HOT_T2,SUL_PAL,SUL,PAL,i4j8,PAL,2,16,SUL,5,8,0
209,inter,HOT,HOTA,HOTA2,HOT_T2,SUL_PAL,SUL,PAL,i2j4,PAL,2,8,SUL,5,4,0
210,inter,HOT,HOTA,HOTA2,HOT_T2,SUL_PAL,SUL,PAL,i8j4,PAL,2,8,SUL,5,16,0
211,inter,HOT,HOTA,HOTA3,HOT_T2,SUL_PAL,SUL,PAL,i4j2,PAL,2,4,SUL,5,8,0
212,inter,HOT,HOTA,HOTA3,HOT_T2,SUL_PAL,SUL,PAL,i4j4,PAL,2,8,SUL,5,8,0
213,inter,HOT,HOTA,HOTA3,HOT_T2,SUL_PAL,SUL,PAL,i4j8,PAL,2,16,SUL,5,8,4
214,inter,HOT,HOTA,HOTA3,HOT_T2,SUL_PAL,SUL,PAL,i2j4,PAL,2,8,SUL,5,4,0
215,inter,HOT,HOTA,HOTA3,HOT_T2,SUL_PAL,SUL,PAL,i8j4,PAL,2,8,SUL,5,16,0
226,inter,HOT,HOTB,HOTB6,HOT_T4,SUL_PAL,SUL,PAL,i4j2,PAL,2,4,SUL,5,8,0
227,inter,HOT,HOTB,HOTB6,HOT_T4,SUL_PAL,SUL,PAL,i4j4,PAL,2,8,SUL,5,8,0
228,inter,HOT,HOTB,HOTB6,HOT_T4,SUL_PAL,SUL,PAL,i4j8,PAL,2,16,SUL,5,8,0
229,inter,HOT,HOTB,HOTB6,HOT_T4,SUL_PAL,SUL,PAL,i2j4,PAL,2,8,SUL,5,4,0
230,inter,HOT,HOTB,HOTB6,HOT_T4,SUL_PAL,SUL,PAL,i8j4,PAL,2,8,SUL,5,16,0
231,inter,HOT,HOTB,HOTB7,HOT_T4,SUL_PAL,SUL,PAL,i4j2,PAL,2,4,SUL,5,8,0
232,inter,HOT,HOTB,HOTB7,HOT_T4,SUL_PAL,SUL,PAL,i4j4,PAL,2,8,SUL,5,8,0
233,inter,HOT,HOTB,HOTB7,HOT_T4,SUL_PAL,SUL,PAL,i4j8,PAL,2,16,SUL,5,8,0
234,inter,HOT,HOTB,HOTB7,HOT_T4,SUL_PAL,SUL,PAL,i2j4,PAL,2,8,SUL,5,4,2
235,inter,HOT,HOTB,HOTB7,HOT_T4,SUL_PAL,SUL,PAL,i8j4,PAL,2,8,SUL,5,16,0
236,inter,HOT,HOTC,HOTC8,HOT_T6,SUL_PAL,SUL,PAL,i4j2,PAL,2,4,SUL,5,8,0
237,inter,HOT,HOTC,HOTC8,HOT_T6,SUL_PAL,SUL,PAL,i4j4,PAL,2,8,SUL,5,8,14
238,inter,HOT,HOTC,HOTC8,HOT_T6,SUL_PAL,SUL,PAL,i4j8,PAL,2,16,SUL,5,8,0
239,inter,HOT,HOTC,HOTC8,HOT_T6,SUL_PAL,SUL,PAL,i2j4,PAL,2,8,SUL,5,4,0
240,inter,HOT,HOTC,HOTC8,HOT_T6,SUL_PAL,SUL,PAL,i8j4,PAL,2,8,SUL,5,16,2
241,inter,HOT,HOTC,HOTC9,HOT_T6,SUL_PAL,SUL,PAL,i4j2,PAL,2,4,SUL,5,8,0
242,inter,HOT,HOTC,HOTC9,HOT_T6,SUL_PAL,SUL,PAL,i4j4,PAL,2,8,SUL,5,8,0
243,inter,HOT,HOTC,HOTC9,HOT_T6,SUL_PAL,SUL,PAL,i4j8,PAL,2,16,SUL,5,8,2
244,inter,HOT,HOTC,HOTC9,HOT_T6,SUL_PAL,SUL,PAL,i2j4,PAL,2,8,SUL,5,4,0
245,inter,HOT,HOTC,HOTC9,HOT_T6,SUL_PAL,SUL,PAL,i8j4,PAL,2,8,SUL,5,16,0
246,inter,HOT,HOTC,HOTC10,HOT_T6,SUL_PAL,SUL,PAL,i4j2,PAL,2,4,SUL,5,8,0
247,inter,HOT,HOTC,HOTC10,HOT_T6,SUL_PAL,SUL,PAL,i4j4,PAL,2,8,SUL,5,8,0
248,inter,HOT,HOTC,HOTC10,HOT_T6,SUL_PAL,SUL,PAL,i4j8,PAL,2,16,SUL,5,8,0
249,inter,HOT,HOTC,HOTC10,HOT_T6,SUL_PAL,SUL,PAL,i2j4,PAL,2,8,SUL,5,4,0
250,inter,HOT,HOTC,HOTC10,HOT_T6,SUL_PAL,SUL,PAL,i8j4,PAL,2,8,SUL,5,16,0
SEP_ 1,intra,HOT,SEP_ hotA,SEP_ hotA1,SEP_HOT_T2,PAL_NaN,PAL,NaN,i2j0,PAL,2,4,NA,0,0,16
SEP_ 2,intra,HOT,SEP_ hotA,SEP_ hotA2,SEP_HOT_T2,PAL_NaN,PAL,NaN,i2j0,PAL,2,4,NA,0,0,2
SEP_ 3,intra,HOT,SEP_ hotA,SEP_ hotA3,SEP_HOT_T2,PAL_NaN,PAL,NaN,i2j0,PAL,2,4,NA,0,0,0
SEP_ 4,intra,HOT,SEP_ hotA,SEP_ hotA4,SEP_HOT_T2,PAL_NaN,PAL,NaN,i2j0,PAL,2,4,NA,0,0,0
SEP_ 5,intra,HOT,SEP_ hotA,SEP_ hotA5,SEP_HOT_T2,PAL_NaN,PAL,NaN,i2j0,PAL,2,4,NA,0,0,0
SEP_ 6,intra,HOT,SEP_ hotA,SEP_ hotA1,SEP_HOT_T2,PAL_NaN,PAL,NaN,i4j0,PAL,2,8,NA,0,0,7
SEP_ 7,intra,HOT,SEP_ hotA,SEP_ hotA2,SEP_HOT_T2,PAL_NaN,PAL,NaN,i4j0,PAL,2,8,NA,0,0,1
SEP_ 8,intra,HOT,SEP_ hotA,SEP_ hotA3,SEP_HOT_T2,PAL_NaN,PAL,NaN,i4j0,PAL,2,8,NA,0,0,0
SEP_ 9,intra,HOT,SEP_ hotA,SEP_ hotA4,SEP_HOT_T2,PAL_NaN,PAL,NaN,i4j0,PAL,2,8,NA,0,0,1
SEP_ 10,intra,HOT,SEP_ hotA,SEP_ hotA5,SEP_HOT_T2,PAL_NaN,PAL,NaN,i4j0,PAL,2,8,NA,0,0,1
SEP_ 11,intra,HOT,SEP_ hotA,SEP_ hotA1,SEP_HOT_T2,PAL_NaN,PAL,NaN,i8j0,PAL,2,16,NA,0,0,0
SEP_ 12,intra,HOT,SEP_ hotA,SEP_ hotA2,SEP_HOT_T2,PAL_NaN,PAL,NaN,i8j0,PAL,2,16,NA,0,0,0
SEP_ 13,intra,HOT,SEP_ hotA,SEP_ hotA3,SEP_HOT_T2,PAL_NaN,PAL,NaN,i8j0,PAL,2,16,NA,0,0,18
SEP_ 14,intra,HOT,SEP_ hotA,SEP_ hotA4,SEP_HOT_T2,PAL_NaN,PAL,NaN,i8j0,PAL,2,16,NA,0,0,7
SEP_ 15,intra,HOT,SEP_ hotA,SEP_ hotA5,SEP_HOT_T2,PAL_NaN,PAL,NaN,i8j0,PAL,2,16,NA,0,0,5
SEP_ 16,intra,HOT,SEP_ hotA,SEP_ hotA1,SEP_HOT_T2,PAN_NaN,PAN,NaN,i2j0,PAN,3,4,NA,0,0,18
SEP_ 17,intra,HOT,SEP_ hotA,SEP_ hotA2,SEP_HOT_T2,PAN_NaN,PAN,NaN,i2j0,PAN,3,4,NA,0,0,48
SEP_ 18,intra,HOT,SEP_ hotA,SEP_ hotA3,SEP_HOT_T2,PAN_NaN,PAN,NaN,i2j0,PAN,3,4,NA,0,0,57
SEP_ 19,intra,HOT,SEP_ hotA,SEP_ hotA4,SEP_HOT_T2,PAN_NaN,PAN,NaN,i2j0,PAN,3,4,NA,0,0,37
SEP_ 20,intra,HOT,SEP_ hotA,SEP_ hotA5,SEP_HOT_T2,PAN_NaN,PAN,NaN,i2j0,PAN,3,4,NA,0,0,42
SEP_ 21,intra,HOT,SEP_ hotA,SEP_ hotA1,SEP_HOT_T2,PAN_NaN,PAN,NaN,i4j0,PAN,3,8,NA,0,0,83
SEP_ 22,intra,HOT,SEP_ hotA,SEP_ hotA2,SEP_HOT_T2,PAN_NaN,PAN,NaN,i4j0,PAN,3,8,NA,0,0,77
SEP_ 23,intra,HOT,SEP_ hotA,SEP_ hotA3,SEP_HOT_T2,PAN_NaN,PAN,NaN,i4j0,PAN,3,8,NA,0,0,96
SEP_ 24,intra,HOT,SEP_ hotA,SEP_ hotA4,SEP_HOT_T2,PAN_NaN,PAN,NaN,i4j0,PAN,3,8,NA,0,0,79
SEP_ 25,intra,HOT,SEP_ hotA,SEP_ hotA5,SEP_HOT_T2,PAN_NaN,PAN,NaN,i4j0,PAN,3,8,NA,0,0,60
SEP_ 26,intra,HOT,SEP_ hotA,SEP_ hotA1,SEP_HOT_T2,PAN_NaN,PAN,NaN,i8j0,PAN,3,16,NA,0,0,56
SEP_ 27,intra,HOT,SEP_ hotA,SEP_ hotA2,SEP_HOT_T2,PAN_NaN,PAN,NaN,i8j0,PAN,3,16,NA,0,0,85
SEP_ 28,intra,HOT,SEP_ hotA,SEP_ hotA3,SEP_HOT_T2,PAN_NaN,PAN,NaN,i8j0,PAN,3,16,NA,0,0,80
SEP_ 29,intra,HOT,SEP_ hotA,SEP_ hotA4,SEP_HOT_T2,PAN_NaN,PAN,NaN,i8j0,PAN,3,16,NA,0,0,96
SEP_ 30,intra,HOT,SEP_ hotA,SEP_ hotA5,SEP_HOT_T2,PAN_NaN,PAN,NaN,i8j0,PAN,3,16,NA,0,0,90
SEP_ 31,inter,HOT,SEP_ hotA,SEP_ hotA1,SEP_HOT_T2,PAL_PAN,PAL,PAN,i4j2,PAL,2,8,PAN,3,4,0
SEP_ 32,inter,HOT,SEP_ hotA,SEP_ hotA2,SEP_HOT_T2,PAL_PAN,PAL,PAN,i4j2,PAL,2,8,PAN,3,4,0
SEP_ 33,inter,HOT,SEP_ hotA,SEP_ hotA3,SEP_HOT_T2,PAL_PAN,PAL,PAN,i4j2,PAL,2,8,PAN,3,4,0
SEP_ 34,inter,HOT,SEP_ hotA,SEP_ hotA4,SEP_HOT_T2,PAL_PAN,PAL,PAN,i4j2,PAL,2,8,PAN,3,4,0
SEP_ 35,inter,HOT,SEP_ hotA,SEP_ hotA5,SEP_HOT_T2,PAL_PAN,PAL,PAN,i4j2,PAL,2,8,PAN,3,4,12
SEP_ 36,inter,HOT,SEP_ hotA,SEP_ hotA1,SEP_HOT_T2,PAL_PAN,PAL,PAN,i2j4,PAL,2,4,PAN,3,8,0
SEP_ 37,inter,HOT,SEP_ hotA,SEP_ hotA2,SEP_HOT_T2,PAL_PAN,PAL,PAN,i2j4,PAL,2,4,PAN,3,8,0
SEP_ 38,inter,HOT,SEP_ hotA,SEP_ hotA3,SEP_HOT_T2,PAL_PAN,PAL,PAN,i2j4,PAL,2,4,PAN,3,8,0
SEP_ 39,inter,HOT,SEP_ hotA,SEP_ hotA4,SEP_HOT_T2,PAL_PAN,PAL,PAN,i2j4,PAL,2,4,PAN,3,8,1
SEP_ 40,inter,HOT,SEP_ hotA,SEP_ hotA5,SEP_HOT_T2,PAL_PAN,PAL,PAN,i2j4,PAL,2,4,PAN,3,8,0
SEP_ 41,inter,HOT,SEP_ hotA,SEP_ hotA1,SEP_HOT_T2,PAL_PAN,PAL,PAN,i4j4,PAL,2,8,PAN,3,8,0
SEP_ 42,inter,HOT,SEP_ hotA,SEP_ hotA2,SEP_HOT_T2,PAL_PAN,PAL,PAN,i4j4,PAL,2,8,PAN,3,8,3
SEP_ 43,inter,HOT,SEP_ hotA,SEP_ hotA3,SEP_HOT_T2,PAL_PAN,PAL,PAN,i4j4,PAL,2,8,PAN,3,8,4
SEP_ 44,inter,HOT,SEP_ hotA,SEP_ hotA4,SEP_HOT_T2,PAL_PAN,PAL,PAN,i4j4,PAL,2,8,PAN,3,8,0
SEP_ 45,inter,HOT,SEP_ hotA,SEP_ hotA5,SEP_HOT_T2,PAL_PAN,PAL,PAN,i4j4,PAL,2,8,PAN,3,8,1
SEP_ 46,inter,HOT,SEP_ hotA,SEP_ hotA1,SEP_HOT_T2,PAL_PAN,PAL,PAN,i8j4,PAL,2,16,PAN,3,8,0
SEP_ 47,inter,HOT,SEP_ hotA,SEP_ hotA2,SEP_HOT_T2,PAL_PAN,PAL,PAN,i8j4,PAL,2,16,PAN,3,8,1
SEP_ 48,inter,HOT,SEP_ hotA,SEP_ hotA3,SEP_HOT_T2,PAL_PAN,PAL,PAN,i8j4,PAL,2,16,PAN,3,8,6
SEP_ 49,inter,HOT,SEP_ hotA,SEP_ hotA4,SEP_HOT_T2,PAL_PAN,PAL,PAN,i8j4,PAL,2,16,PAN,3,8,0
SEP_ 50,inter,HOT,SEP_ hotA,SEP_ hotA5,SEP_HOT_T2,PAL_PAN,PAL,PAN,i8j4,PAL,2,16,PAN,3,8,2
SEP_ 51,inter,HOT,SEP_ hotA,SEP_ hotA1,SEP_HOT_T2,PAL_PAN,PAL,PAN,i4j8,PAL,2,8,PAN,3,16,0
SEP_ 52,inter,HOT,SEP_ hotA,SEP_ hotA2,SEP_HOT_T2,PAL_PAN,PAL,PAN,i4j8,PAL,2,8,PAN,3,16,0
SEP_ 53,inter,HOT,SEP_ hotA,SEP_ hotA3,SEP_HOT_T2,PAL_PAN,PAL,PAN,i4j8,PAL,2,8,PAN,3,16,0
SEP_ 54,inter,HOT,SEP_ hotA,SEP_ hotA4,SEP_HOT_T2,PAL_PAN,PAL,PAN,i4j8,PAL,2,8,PAN,3,16,0
SEP_ 55,inter,HOT,SEP_ hotA,SEP_ hotA5,SEP_HOT_T2,PAL_PAN,PAL,PAN,i4j8,PAL,2,8,PAN,3,16,0
SEP_ 31,inter,HOT,SEP_ hotA,SEP_ hotA1,SEP_HOT_T2,PAN_PAL,PAN,PAL,i2j4,PAN,3,4,PAL,2,8,48
SEP_ 32,inter,HOT,SEP_ hotA,SEP_ hotA2,SEP_HOT_T2,PAN_PAL,PAN,PAL,i2j4,PAN,3,4,PAL,2,8,45
SEP_ 33,inter,HOT,SEP_ hotA,SEP_ hotA3,SEP_HOT_T2,PAN_PAL,PAN,PAL,i2j4,PAN,3,4,PAL,2,8,68
SEP_ 34,inter,HOT,SEP_ hotA,SEP_ hotA4,SEP_HOT_T2,PAN_PAL,PAN,PAL,i2j4,PAN,3,4,PAL,2,8,22
SEP_ 35,inter,HOT,SEP_ hotA,SEP_ hotA5,SEP_HOT_T2,PAN_PAL,PAN,PAL,i2j4,PAN,3,4,PAL,2,8,56
SEP_ 36,inter,HOT,SEP_ hotA,SEP_ hotA1,SEP_HOT_T2,PAN_PAL,PAN,PAL,i4j2,PAN,3,8,PAL,2,4,64
SEP_ 37,inter,HOT,SEP_ hotA,SEP_ hotA2,SEP_HOT_T2,PAN_PAL,PAN,PAL,i4j2,PAN,3,8,PAL,2,4,84
SEP_ 38,inter,HOT,SEP_ hotA,SEP_ hotA3,SEP_HOT_T2,PAN_PAL,PAN,PAL,i4j2,PAN,3,8,PAL,2,4,93
SEP_ 39,inter,HOT,SEP_ hotA,SEP_ hotA4,SEP_HOT_T2,PAN_PAL,PAN,PAL,i4j2,PAN,3,8,PAL,2,4,110
SEP_ 40,inter,HOT,SEP_ hotA,SEP_ hotA5,SEP_HOT_T2,PAN_PAL,PAN,PAL,i4j2,PAN,3,8,PAL,2,4,107
SEP_ 41,inter,HOT,SEP_ hotA,SEP_ hotA1,SEP_HOT_T2,PAN_PAL,PAN,PAL,i4j4,PAN,3,8,PAL,2,8,99
SEP_ 42,inter,HOT,SEP_ hotA,SEP_ hotA2,SEP_HOT_T2,PAN_PAL,PAN,PAL,i4j4,PAN,3,8,PAL,2,8,63
SEP_ 43,inter,HOT,SEP_ hotA,SEP_ hotA3,SEP_HOT_T2,PAN_PAL,PAN,PAL,i4j4,PAN,3,8,PAL,2,8,63
SEP_ 44,inter,HOT,SEP_ hotA,SEP_ hotA4,SEP_HOT_T2,PAN_PAL,PAN,PAL,i4j4,PAN,3,8,PAL,2,8,47
SEP_ 45,inter,HOT,SEP_ hotA,SEP_ hotA5,SEP_HOT_T2,PAN_PAL,PAN,PAL,i4j4,PAN,3,8,PAL,2,8,89
SEP_ 46,inter,HOT,SEP_ hotA,SEP_ hotA1,SEP_HOT_T2,PAN_PAL,PAN,PAL,i4j8,PAN,3,8,PAL,2,16,94
SEP_ 47,inter,HOT,SEP_ hotA,SEP_ hotA2,SEP_HOT_T2,PAN_PAL,PAN,PAL,i4j8,PAN,3,8,PAL,2,16,80
SEP_ 48,inter,HOT,SEP_ hotA,SEP_ hotA3,SEP_HOT_T2,PAN_PAL,PAN,PAL,i4j8,PAN,3,8,PAL,2,16,67
SEP_ 49,inter,HOT,SEP_ hotA,SEP_ hotA4,SEP_HOT_T2,PAN_PAL,PAN,PAL,i4j8,PAN,3,8,PAL,2,16,93
SEP_ 50,inter,HOT,SEP_ hotA,SEP_ hotA5,SEP_HOT_T2,PAN_PAL,PAN,PAL,i4j8,PAN,3,8,PAL,2,16,96
SEP_ 51,inter,HOT,SEP_ hotA,SEP_ hotA1,SEP_HOT_T2,PAN_PAL,PAN,PAL,i8j4,PAN,3,16,PAL,2,8,92
SEP_ 52,inter,HOT,SEP_ hotA,SEP_ hotA2,SEP_HOT_T2,PAN_PAL,PAN,PAL,i8j4,PAN,3,16,PAL,2,8,50
SEP_ 53,inter,HOT,SEP_ hotA,SEP_ hotA3,SEP_HOT_T2,PAN_PAL,PAN,PAL,i8j4,PAN,3,16,PAL,2,8,103
SEP_ 54,inter,HOT,SEP_ hotA,SEP_ hotA4,SEP_HOT_T2,PAN_PAL,PAN,PAL,i8j4,PAN,3,16,PAL,2,8,61
SEP_ 55,inter,HOT,SEP_ hotA,SEP_ hotA5,SEP_HOT_T2,PAN_PAL,PAN,PAL,i8j4,PAN,3,16,PAL,2,8,106
SEP_ 56,intra,HOT,SEP_ hotB,SEP_ hotB1,SEP_HOT_T2,PAL_NaN,PAL,NaN,i2j0,PAL,2,4,NA,0,0,2
SEP_ 57,intra,HOT,SEP_ hotB,SEP_ hotB2,SEP_HOT_T2,PAL_NaN,PAL,NaN,i2j0,PAL,2,4,NA,0,0,0
SEP_ 58,intra,HOT,SEP_ hotB,SEP_ hotB3,SEP_HOT_T2,PAL_NaN,PAL,NaN,i2j0,PAL,2,4,NA,0,0,1
SEP_ 59,intra,HOT,SEP_ hotB,SEP_ hotB4,SEP_HOT_T2,PAL_NaN,PAL,NaN,i2j0,PAL,2,4,NA,0,0,0
SEP_ 60,intra,HOT,SEP_ hotB,SEP_ hotB5,SEP_HOT_T2,PAL_NaN,PAL,NaN,i2j0,PAL,2,4,NA,0,0,0
SEP_ 61,intra,HOT,SEP_ hotB,SEP_ hotB1,SEP_HOT_T2,PAL_NaN,PAL,NaN,i4j0,PAL,2,8,NA,0,0,0
SEP_ 62,intra,HOT,SEP_ hotB,SEP_ hotB2,SEP_HOT_T2,PAL_NaN,PAL,NaN,i4j0,PAL,2,8,NA,0,0,1
SEP_ 63,intra,HOT,SEP_ hotB,SEP_ hotB3,SEP_HOT_T2,PAL_NaN,PAL,NaN,i4j0,PAL,2,8,NA,0,0,8
SEP_ 64,intra,HOT,SEP_ hotB,SEP_ hotB4,SEP_HOT_T2,PAL_NaN,PAL,NaN,i4j0,PAL,2,8,NA,0,0,0
SEP_ 65,intra,HOT,SEP_ hotB,SEP_ hotB5,SEP_HOT_T2,PAL_NaN,PAL,NaN,i4j0,PAL,2,8,NA,0,0,1
SEP_ 66,intra,HOT,SEP_ hotB,SEP_ hotB1,SEP_HOT_T2,PAL_NaN,PAL,NaN,i8j0,PAL,2,16,NA,0,0,6
SEP_ 67,intra,HOT,SEP_ hotB,SEP_ hotB2,SEP_HOT_T2,PAL_NaN,PAL,NaN,i8j0,PAL,2,16,NA,0,0,1
SEP_ 68,intra,HOT,SEP_ hotB,SEP_ hotB3,SEP_HOT_T2,PAL_NaN,PAL,NaN,i8j0,PAL,2,16,NA,0,0,5
SEP_ 69,intra,HOT,SEP_ hotB,SEP_ hotB4,SEP_HOT_T2,PAL_NaN,PAL,NaN,i8j0,PAL,2,16,NA,0,0,31
SEP_ 70,intra,HOT,SEP_ hotB,SEP_ hotB5,SEP_HOT_T2,PAL_NaN,PAL,NaN,i8j0,PAL,2,16,NA,0,0,0
SEP_ 71,intra,HOT,SEP_ hotB,SEP_ hotB1,SEP_HOT_T2,PAN_NaN,PAN,NaN,i2j0,PAN,3,4,NA,0,0,24
SEP_ 72,intra,HOT,SEP_ hotB,SEP_ hotB2,SEP_HOT_T2,PAN_NaN,PAN,NaN,i2j0,PAN,3,4,NA,0,0,55
SEP_ 73,intra,HOT,SEP_ hotB,SEP_ hotB3,SEP_HOT_T2,PAN_NaN,PAN,NaN,i2j0,PAN,3,4,NA,0,0,46
SEP_ 74,intra,HOT,SEP_ hotB,SEP_ hotB4,SEP_HOT_T2,PAN_NaN,PAN,NaN,i2j0,PAN,3,4,NA,0,0,21
SEP_ 75,intra,HOT,SEP_ hotB,SEP_ hotB5,SEP_HOT_T2,PAN_NaN,PAN,NaN,i2j0,PAN,3,4,NA,0,0,57
SEP_ 76,intra,HOT,SEP_ hotB,SEP_ hotB1,SEP_HOT_T2,PAN_NaN,PAN,NaN,i4j0,PAN,3,8,NA,0,0,57
SEP_ 77,intra,HOT,SEP_ hotB,SEP_ hotB2,SEP_HOT_T2,PAN_NaN,PAN,NaN,i4j0,PAN,3,8,NA,0,0,96
SEP_ 78,intra,HOT,SEP_ hotB,SEP_ hotB3,SEP_HOT_T2,PAN_NaN,PAN,NaN,i4j0,PAN,3,8,NA,0,0,70
SEP_ 79,intra,HOT,SEP_ hotB,SEP_ hotB4,SEP_HOT_T2,PAN_NaN,PAN,NaN,i4j0,PAN,3,8,NA,0,0,65
SEP_ 80,intra,HOT,SEP_ hotB,SEP_ hotB5,SEP_HOT_T2,PAN_NaN,PAN,NaN,i4j0,PAN,3,8,NA,0,0,84
SEP_ 81,intra,HOT,SEP_ hotB,SEP_ hotB1,SEP_HOT_T2,PAN_NaN,PAN,NaN,i8j0,PAN,3,16,NA,0,0,86
SEP_ 82,intra,HOT,SEP_ hotB,SEP_ hotB2,SEP_HOT_T2,PAN_NaN,PAN,NaN,i8j0,PAN,3,16,NA,0,0,111
SEP_ 83,intra,HOT,SEP_ hotB,SEP_ hotB3,SEP_HOT_T2,PAN_NaN,PAN,NaN,i8j0,PAN,3,16,NA,0,0,117
SEP_ 84,intra,HOT,SEP_ hotB,SEP_ hotB4,SEP_HOT_T2,PAN_NaN,PAN,NaN,i8j0,PAN,3,16,NA,0,0,107
SEP_ 85,intra,HOT,SEP_ hotB,SEP_ hotB5,SEP_HOT_T2,PAN_NaN,PAN,NaN,i8j0,PAN,3,16,NA,0,0,85
SEP_ 86,inter,HOT,SEP_ hotB,SEP_ hotB1,SEP_HOT_T2,PAL_PAN,PAL,PAN,i4j2,PAL,2,8,PAN,3,4,0
SEP_ 87,inter,HOT,SEP_ hotB,SEP_ hotB2,SEP_HOT_T2,PAL_PAN,PAL,PAN,i4j2,PAL,2,8,PAN,3,4,15
SEP_ 88,inter,HOT,SEP_ hotB,SEP_ hotB3,SEP_HOT_T2,PAL_PAN,PAL,PAN,i4j2,PAL,2,8,PAN,3,4,0
SEP_ 89,inter,HOT,SEP_ hotB,SEP_ hotB4,SEP_HOT_T2,PAL_PAN,PAL,PAN,i4j2,PAL,2,8,PAN,3,4,0
SEP_ 90,inter,HOT,SEP_ hotB,SEP_ hotB5,SEP_HOT_T2,PAL_PAN,PAL,PAN,i4j2,PAL,2,8,PAN,3,4,1
SEP_ 91,inter,HOT,SEP_ hotB,SEP_ hotB1,SEP_HOT_T2,PAL_PAN,PAL,PAN,i2j4,PAL,2,4,PAN,3,8,2
SEP_ 92,inter,HOT,SEP_ hotB,SEP_ hotB2,SEP_HOT_T2,PAL_PAN,PAL,PAN,i2j4,PAL,2,4,PAN,3,8,0
SEP_ 93,inter,HOT,SEP_ hotB,SEP_ hotB3,SEP_HOT_T2,PAL_PAN,PAL,PAN,i2j4,PAL,2,4,PAN,3,8,1
SEP_ 94,inter,HOT,SEP_ hotB,SEP_ hotB4,SEP_HOT_T2,PAL_PAN,PAL,PAN,i2j4,PAL,2,4,PAN,3,8,0
SEP_ 95,inter,HOT,SEP_ hotB,SEP_ hotB5,SEP_HOT_T2,PAL_PAN,PAL,PAN,i2j4,PAL,2,4,PAN,3,8,0
SEP_ 96,inter,HOT,SEP_ hotB,SEP_ hotB1,SEP_HOT_T2,PAL_PAN,PAL,PAN,i4j4,PAL,2,8,PAN,3,8,0
SEP_ 97,inter,HOT,SEP_ hotB,SEP_ hotB2,SEP_HOT_T2,PAL_PAN,PAL,PAN,i4j4,PAL,2,8,PAN,3,8,0
SEP_ 98,inter,HOT,SEP_ hotB,SEP_ hotB3,SEP_HOT_T2,PAL_PAN,PAL,PAN,i4j4,PAL,2,8,PAN,3,8,0
SEP_ 99,inter,HOT,SEP_ hotB,SEP_ hotB4,SEP_HOT_T2,PAL_PAN,PAL,PAN,i4j4,PAL,2,8,PAN,3,8,0
SEP_ 100,inter,HOT,SEP_ hotB,SEP_ hotB5,SEP_HOT_T2,PAL_PAN,PAL,PAN,i4j4,PAL,2,8,PAN,3,8,0
SEP_ 101,inter,HOT,SEP_ hotB,SEP_ hotB1,SEP_HOT_T2,PAL_PAN,PAL,PAN,i8j4,PAL,2,16,PAN,3,8,8
SEP_ 102,inter,HOT,SEP_ hotB,SEP_ hotB2,SEP_HOT_T2,PAL_PAN,PAL,PAN,i8j4,PAL,2,16,PAN,3,8,0
SEP_ 103,inter,HOT,SEP_ hotB,SEP_ hotB3,SEP_HOT_T2,PAL_PAN,PAL,PAN,i8j4,PAL,2,16,PAN,3,8,14
SEP_ 104,inter,HOT,SEP_ hotB,SEP_ hotB4,SEP_HOT_T2,PAL_PAN,PAL,PAN,i8j4,PAL,2,16,PAN,3,8,3
SEP_ 105,inter,HOT,SEP_ hotB,SEP_ hotB5,SEP_HOT_T2,PAL_PAN,PAL,PAN,i8j4,PAL,2,16,PAN,3,8,2
SEP_ 106,inter,HOT,SEP_ hotB,SEP_ hotB1,SEP_HOT_T2,PAL_PAN,PAL,PAN,i4j8,PAL,2,8,PAN,3,16,0
SEP_ 107,inter,HOT,SEP_ hotB,SEP_ hotB2,SEP_HOT_T2,PAL_PAN,PAL,PAN,i4j8,PAL,2,8,PAN,3,16,0
SEP_ 108,inter,HOT,SEP_ hotB,SEP_ hotB3,SEP_HOT_T2,PAL_PAN,PAL,PAN,i4j8,PAL,2,8,PAN,3,16,0
SEP_ 109,inter,HOT,SEP_ hotB,SEP_ hotB4,SEP_HOT_T2,PAL_PAN,PAL,PAN,i4j8,PAL,2,8,PAN,3,16,0
SEP_ 110,inter,HOT,SEP_ hotB,SEP_ hotB5,SEP_HOT_T2,PAL_PAN,PAL,PAN,i4j8,PAL,2,8,PAN,3,16,3
SEP_ 86,inter,HOT,SEP_ hotB,SEP_ hotB1,SEP_HOT_T2,PAN_PAL,PAN,PAL,i2j4,PAN,3,4,PAL,2,8,40
SEP_ 87,inter,HOT,SEP_ hotB,SEP_ hotB2,SEP_HOT_T2,PAN_PAL,PAN,PAL,i2j4,PAN,3,4,PAL,2,8,47
SEP_ 88,inter,HOT,SEP_ hotB,SEP_ hotB3,SEP_HOT_T2,PAN_PAL,PAN,PAL,i2j4,PAN,3,4,PAL,2,8,40
SEP_ 89,inter,HOT,SEP_ hotB,SEP_ hotB4,SEP_HOT_T2,PAN_PAL,PAN,PAL,i2j4,PAN,3,4,PAL,2,8,24
SEP_ 90,inter,HOT,SEP_ hotB,SEP_ hotB5,SEP_HOT_T2,PAN_PAL,PAN,PAL,i2j4,PAN,3,4,PAL,2,8,47
SEP_ 91,inter,HOT,SEP_ hotB,SEP_ hotB1,SEP_HOT_T2,PAN_PAL,PAN,PAL,i4j2,PAN,3,8,PAL,2,4,71
SEP_ 92,inter,HOT,SEP_ hotB,SEP_ hotB2,SEP_HOT_T2,PAN_PAL,PAN,PAL,i4j2,PAN,3,8,PAL,2,4,89
SEP_ 93,inter,HOT,SEP_ hotB,SEP_ hotB3,SEP_HOT_T2,PAN_PAL,PAN,PAL,i4j2,PAN,3,8,PAL,2,4,83
SEP_ 94,inter,HOT,SEP_ hotB,SEP_ hotB4,SEP_HOT_T2,PAN_PAL,PAN,PAL,i4j2,PAN,3,8,PAL,2,4,64
SEP_ 95,inter,HOT,SEP_ hotB,SEP_ hotB5,SEP_HOT_T2,PAN_PAL,PAN,PAL,i4j2,PAN,3,8,PAL,2,4,93
SEP_ 96,inter,HOT,SEP_ hotB,SEP_ hotB1,SEP_HOT_T2,PAN_PAL,PAN,PAL,i4j4,PAN,3,8,PAL,2,8,98
SEP_ 97,inter,HOT,SEP_ hotB,SEP_ hotB2,SEP_HOT_T2,PAN_PAL,PAN,PAL,i4j4,PAN,3,8,PAL,2,8,76
SEP_ 98,inter,HOT,SEP_ hotB,SEP_ hotB3,SEP_HOT_T2,PAN_PAL,PAN,PAL,i4j4,PAN,3,8,PAL,2,8,58
SEP_ 99,inter,HOT,SEP_ hotB,SEP_ hotB4,SEP_HOT_T2,PAN_PAL,PAN,PAL,i4j4,PAN,3,8,PAL,2,8,74
SEP_ 100,inter,HOT,SEP_ hotB,SEP_ hotB5,SEP_HOT_T2,PAN_PAL,PAN,PAL,i4j4,PAN,3,8,PAL,2,8,98
SEP_ 101,inter,HOT,SEP_ hotB,SEP_ hotB1,SEP_HOT_T2,PAN_PAL,PAN,PAL,i4j8,PAN,3,8,PAL,2,16,60
SEP_ 102,inter,HOT,SEP_ hotB,SEP_ hotB2,SEP_HOT_T2,PAN_PAL,PAN,PAL,i4j8,PAN,3,8,PAL,2,16,62
SEP_ 103,inter,HOT,SEP_ hotB,SEP_ hotB3,SEP_HOT_T2,PAN_PAL,PAN,PAL,i4j8,PAN,3,8,PAL,2,16,73
SEP_ 104,inter,HOT,SEP_ hotB,SEP_ hotB4,SEP_HOT_T2,PAN_PAL,PAN,PAL,i4j8,PAN,3,8,PAL,2,16,86
SEP_ 105,inter,HOT,SEP_ hotB,SEP_ hotB5,SEP_HOT_T2,PAN_PAL,PAN,PAL,i4j8,PAN,3,8,PAL,2,16,88
SEP_ 106,inter,HOT,SEP_ hotB,SEP_ hotB1,SEP_HOT_T2,PAN_PAL,PAN,PAL,i8j4,PAN,3,16,PAL,2,8,110
SEP_ 107,inter,HOT,SEP_ hotB,SEP_ hotB2,SEP_HOT_T2,PAN_PAL,PAN,PAL,i8j4,PAN,3,16,PAL,2,8,106
SEP_ 108,inter,HOT,SEP_ hotB,SEP_ hotB3,SEP_HOT_T2,PAN_PAL,PAN,PAL,i8j4,PAN,3,16,PAL,2,8,71
SEP_ 109,inter,HOT,SEP_ hotB,SEP_ hotB4,SEP_HOT_T2,PAN_PAL,PAN,PAL,i8j4,PAN,3,16,PAL,2,8,76
SEP_ 110,inter,HOT,SEP_ hotB,SEP_ hotB5,SEP_HOT_T2,PAN_PAL,PAN,PAL,i8j4,PAN,3,16,PAL,2,8,86