sp,round,pos,period,rep,temp,temp.corr,EL,pupa,adultF,adultM
MEL,1,1,day_1_2,1,14,13.8,N,N,0,0
MEL,1,1,day_1_2,2,14,13.8,Y,Y,4,3
MEL,1,1,day_1_2,3,14,13.8,Y,Y,8,6
MEL,1,1,day_1_2,4,14,13.8,Y,Y,3,4
MEL,1,1,day_1_2,1,17,17.1,Y,Y,8,8
MEL,1,1,day_1_2,2,17,17.1,Y,Y,19,23
MEL,1,1,day_1_2,3,17,17.1,Y,Y,31,20
MEL,1,1,day_1_2,4,17,17.1,Y,Y,31,20
MEL,1,1,day_1_2,1,20,20,Y,Y,14,20
MEL,1,1,day_1_2,2,20,20,Y,Y,29,21
MEL,1,1,day_1_2,3,20,20,Y,Y,40,30
MEL,1,1,day_1_2,4,20,20,Y,Y,31,28
MEL,1,1,day_1_2,1,23,23.4,Y,Y,50,48
MEL,1,1,day_1_2,2,23,23.4,Y,Y,43,35
MEL,1,1,day_1_2,3,23,23.4,Y,Y,34,54
MEL,1,1,day_1_2,4,23,23.4,Y,Y,50,39
MEL,1,1,day_1_2,1,26,26.4,Y,Y,40,54
MEL,1,1,day_1_2,3,26,26.4,Y,Y,71,60
MEL,1,1,day_1_2,4,26,26.4,Y,Y,46,39
MEL,1,1,day_1_2,1,29,29.2,Y,Y,50,46
MEL,1,1,day_1_2,2,29,29.2,Y,Y,57,39
MEL,1,1,day_1_2,3,29,29.2,Y,Y,33,31
MEL,1,1,day_1_2,4,29,29.2,Y,Y,42,38
MEL,1,1,day_1_2,1,32,31.9,Y,Y,3,2
MEL,1,1,day_1_2,2,32,31.9,Y,Y,13,4
MEL,1,1,day_1_2,3,32,31.9,Y,Y,2,3
MEL,1,1,day_1_2,4,32,31.9,Y,Y,16,9
MEL,1,1,day_7_8,1,14,13.8,Y,Y,4,1
MEL,1,1,day_7_8,2,14,13.8,Y,Y,8,5
MEL,1,1,day_7_8,3,14,13.8,Y,Y,13,8
MEL,1,1,day_7_8,4,14,13.8,Y,Y,6,5
MEL,1,1,day_7_8,1,17,17.1,Y,Y,18,13
MEL,1,1,day_7_8,2,17,17.1,Y,Y,15,9
MEL,1,1,day_7_8,3,17,17.1,Y,Y,5,10
MEL,1,1,day_7_8,4,17,17.1,Y,Y,19,10
MEL,1,1,day_7_8,1,20,20,Y,Y,24,15
MEL,1,1,day_7_8,2,20,20,Y,Y,27,29
MEL,1,1,day_7_8,3,20,20,Y,Y,24,20
MEL,1,1,day_7_8,4,20,20,Y,Y,14,11
MEL,1,1,day_7_8,1,23,23.4,Y,Y,65,74
MEL,1,1,day_7_8,2,23,23.4,Y,Y,3,3
MEL,1,1,day_7_8,3,23,23.4,Y,Y,64,61
MEL,1,1,day_7_8,4,23,23.4,Y,Y,72,46
MEL,1,1,day_7_8,1,26,26.4,Y,Y,43,35
MEL,1,1,day_7_8,3,26,26.4,Y,Y,46,45
MEL,1,1,day_7_8,4,26,26.4,Y,Y,34,27
MEL,1,1,day_7_8,1,29,29.2,Y,Y,43,55
MEL,1,1,day_7_8,2,29,29.2,Y,Y,48,40
MEL,1,1,day_7_8,3,29,29.2,Y,Y,34,25
MEL,1,1,day_7_8,4,29,29.2,Y,Y,38,35
MEL,1,1,day_7_8,1,32,31.9,Y,N,0,0
MEL,1,1,day_7_8,2,32,31.9,Y,N,0,0
MEL,1,1,day_7_8,3,32,31.9,Y,N,0,0
MEL,1,1,day_7_8,4,32,31.9,Y,N,0,0
MEL,1,1,recovery,1,14,13.8,Y,Y,14,28
MEL,1,1,recovery,2,14,13.8,Y,Y,31,52
MEL,1,1,recovery,3,14,13.8,Y,Y,65,56
MEL,1,1,recovery,4,14,13.8,Y,Y,58,52
MEL,1,1,recovery,1,17,17.1,Y,Y,57,55
MEL,1,1,recovery,2,17,17.1,Y,Y,44,45
MEL,1,1,recovery,3,17,17.1,Y,Y,48,59
MEL,1,1,recovery,4,17,17.1,Y,Y,50,73
MEL,1,1,recovery,1,20,20,Y,Y,31,19
MEL,1,1,recovery,2,20,20,Y,Y,60,66
MEL,1,1,recovery,3,20,20,Y,Y,55,63
MEL,1,1,recovery,4,20,20,Y,Y,43,47
MEL,1,1,recovery,1,23,23.4,Y,Y,72,64
MEL,1,1,recovery,2,23,23.4,Y,Y,1,0
MEL,1,1,recovery,3,23,23.4,Y,Y,60,66
MEL,1,1,recovery,4,23,23.4,Y,Y,65,42
MEL,1,1,recovery,1,26,26.4,Y,Y,62,70
MEL,1,1,recovery,2,26,26.4,Y,Y,73,69
MEL,1,1,recovery,3,26,26.4,Y,Y,70,68
MEL,1,1,recovery,4,26,26.4,Y,Y,57,48
MEL,1,1,recovery,1,29,29.2,Y,Y,76,68
MEL,1,1,recovery,2,29,29.2,Y,Y,25,23
MEL,1,1,recovery,3,29,29.2,Y,Y,56,61
MEL,1,1,recovery,4,29,29.2,Y,Y,45,41
MEL,1,1,recovery,1,32,31.9,Y,Y,5,1
MEL,1,1,recovery,2,32,31.9,Y,Y,1,0
MEL,1,1,recovery,3,32,31.9,Y,Y,1,1
MEL,1,1,recovery,4,32,31.9,Y,N,0,0
PSA,1,2,day_1_2,1,14,13.8,N,N,0,0
PSA,1,2,day_1_2,2,14,13.8,N,N,0,0
PSA,1,2,day_1_2,3,14,13.8,N,N,0,0
PSA,1,2,day_1_2,4,14,13.8,N,N,0,0
PSA,1,2,day_1_2,1,17,17.1,N,N,0,0
PSA,1,2,day_1_2,2,17,17.1,N,N,0,0
PSA,1,2,day_1_2,3,17,17.1,N,N,0,0
PSA,1,2,day_1_2,4,17,17.1,N,N,0,0
PSA,1,2,day_1_2,1,20,20,Y,Y,2,0
PSA,1,2,day_1_2,2,20,20,Y,Y,0,1
PSA,1,2,day_1_2,3,20,20,N,N,0,0
PSA,1,2,day_1_2,4,20,20,Y,Y,1,1
PSA,1,2,day_1_2,1,23,23.4,Y,Y,2,3
PSA,1,2,day_1_2,2,23,23.4,Y,Y,4,10
PSA,1,2,day_1_2,3,23,23.4,Y,Y,4,4
PSA,1,2,day_1_2,4,23,23.4,Y,Y,1,5
PSA,1,2,day_1_2,1,26,26.4,Y,Y,22,24
PSA,1,2,day_1_2,2,26,26.4,Y,Y,15,12
PSA,1,2,day_1_2,3,26,26.4,Y,Y,19,9
PSA,1,2,day_1_2,4,26,26.4,Y,Y,5,11
PSA,1,2,day_1_2,1,29,29.2,N,N,0,0
PSA,1,2,day_1_2,2,29,29.2,Y,Y,0,2
PSA,1,2,day_1_2,3,29,29.2,Y,Y,4,2
PSA,1,2,day_1_2,4,29,29.2,Y,Y,0,0
PSA,1,2,day_1_2,1,32,31.9,N,N,0,0
PSA,1,2,day_1_2,2,32,31.9,N,N,0,0
PSA,1,2,day_1_2,3,32,31.9,N,N,0,0
PSA,1,2,day_1_2,4,32,31.9,N,N,0,0
PSA,1,2,day_7_8,1,14,13.8,N,N,0,0
PSA,1,2,day_7_8,2,14,13.8,N,N,0,0
PSA,1,2,day_7_8,3,14,13.8,N,N,0,0
PSA,1,2,day_7_8,4,14,13.8,N,N,0,0
PSA,1,2,day_7_8,1,17,17.1,N,N,0,0
PSA,1,2,day_7_8,2,17,17.1,Y,Y,1,4
PSA,1,2,day_7_8,3,17,17.1,N,N,0,0
PSA,1,2,day_7_8,4,17,17.1,Y,Y,2,3
PSA,1,2,day_7_8,1,20,20,Y,Y,10,13
PSA,1,2,day_7_8,2,20,20,Y,Y,10,23
PSA,1,2,day_7_8,3,20,20,Y,Y,13,13
PSA,1,2,day_7_8,4,20,20,Y,Y,12,10
PSA,1,2,day_7_8,1,23,23.4,Y,Y,7,14
PSA,1,2,day_7_8,2,23,23.4,Y,Y,34,25
PSA,1,2,day_7_8,3,23,23.4,Y,Y,24,28
PSA,1,2,day_7_8,4,23,23.4,Y,Y,35,35
PSA,1,2,day_7_8,1,26,26.4,Y,Y,41,30
PSA,1,2,day_7_8,2,26,26.4,Y,Y,19,22
PSA,1,2,day_7_8,3,26,26.4,Y,Y,20,19
PSA,1,2,day_7_8,4,26,26.4,Y,Y,34,53
PSA,1,2,day_7_8,1,29,29.2,N,N,0,0
PSA,1,2,day_7_8,2,29,29.2,N,N,0,0
PSA,1,2,day_7_8,3,29,29.2,N,N,0,0
PSA,1,2,day_7_8,4,29,29.2,N,N,0,0
PSA,1,2,day_7_8,1,32,31.9,N,N,0,0
PSA,1,2,day_7_8,2,32,31.9,N,N,0,0
PSA,1,2,day_7_8,3,32,31.9,N,N,0,0
PSA,1,2,day_7_8,4,32,31.9,N,N,0,0
PSA,1,2,recovery,1,14,13.8,Y,Y,39,35
PSA,1,2,recovery,2,14,13.8,Y,Y,30,42
PSA,1,2,recovery,3,14,13.8,Y,Y,38,37
PSA,1,2,recovery,4,14,13.8,Y,Y,41,36
PSA,1,2,recovery,1,17,17.1,Y,Y,50,55
PSA,1,2,recovery,2,17,17.1,Y,Y,44,45
PSA,1,2,recovery,3,17,17.1,Y,Y,48,59
PSA,1,2,recovery,4,17,17.1,Y,Y,50,73
PSA,1,2,recovery,1,20,20,Y,Y,26,32
PSA,1,2,recovery,2,20,20,Y,Y,41,36
PSA,1,2,recovery,3,20,20,Y,Y,43,41
PSA,1,2,recovery,4,20,20,Y,Y,39,36
PSA,1,2,recovery,1,23,23.4,Y,Y,15,17
PSA,1,2,recovery,2,23,23.4,Y,Y,55,45
PSA,1,2,recovery,3,23,23.4,Y,Y,44,47
PSA,1,2,recovery,4,23,23.4,Y,Y,47,55
PSA,1,2,recovery,1,26,26.4,Y,Y,47,47
PSA,1,2,recovery,2,26,26.4,Y,Y,32,25
PSA,1,2,recovery,3,26,26.4,Y,Y,23,26
PSA,1,2,recovery,4,26,26.4,Y,Y,32,33
PSA,1,2,recovery,1,29,29.2,Y,Y,3,3
PSA,1,2,recovery,2,29,29.2,N,N,0,0
PSA,1,2,recovery,3,29,29.2,N,N,0,0
PSA,1,2,recovery,4,29,29.2,N,N,0,0
PSA,1,2,recovery,1,32,31.9,N,N,0,0
PSA,1,2,recovery,2,32,31.9,N,N,0,0
PSA,1,2,recovery,3,32,31.9,N,N,0,0
PSA,1,2,recovery,4,32,31.9,N,N,0,0
BUN,1,3,day_1_2,1,14,13.8,N,N,0,0
BUN,1,3,day_1_2,2,14,13.8,N,N,0,0
BUN,1,3,day_1_2,3,14,13.8,N,N,0,0
BUN,1,3,day_1_2,4,14,13.8,N,N,0,0
BUN,1,3,day_1_2,1,17,17.1,Y,Y,1,1
BUN,1,3,day_1_2,2,17,17.1,Y,Y,3,1
BUN,1,3,day_1_2,3,17,17.1,Y,Y,1,1
BUN,1,3,day_1_2,4,17,17.1,Y,Y,0,2
BUN,1,3,day_1_2,1,20,20,Y,Y,12,7
BUN,1,3,day_1_2,2,20,20,Y,Y,22,19
BUN,1,3,day_1_2,3,20,20,Y,Y,16,17
BUN,1,3,day_1_2,4,20,20,Y,Y,14,13
BUN,1,3,day_1_2,1,23,23.4,Y,Y,13,20
BUN,1,3,day_1_2,2,23,23.4,Y,Y,23,43
BUN,1,3,day_1_2,3,23,23.4,Y,Y,25,28
BUN,1,3,day_1_2,4,23,23.4,Y,Y,23,21
BUN,1,3,day_1_2,1,26,26.4,Y,Y,15,14
BUN,1,3,day_1_2,2,26,26.4,Y,Y,26,17
BUN,1,3,day_1_2,3,26,26.4,Y,Y,20,17
BUN,1,3,day_1_2,4,26,26.4,Y,Y,24,28
BUN,1,3,day_1_2,1,29,29.2,Y,Y,3,6
BUN,1,3,day_1_2,2,29,29.2,Y,Y,14,11
BUN,1,3,day_1_2,3,29,29.2,Y,Y,7,3
BUN,1,3,day_1_2,4,29,29.2,Y,Y,4,4
BUN,1,3,day_1_2,1,32,31.9,N,N,0,0
BUN,1,3,day_1_2,2,32,31.9,N,N,0,0
BUN,1,3,day_1_2,3,32,31.9,N,N,0,0
BUN,1,3,day_1_2,4,32,31.9,N,N,0,0
BUN,1,3,day_7_8,1,14,13.8,N,N,0,0
BUN,1,3,day_7_8,2,14,13.8,N,N,0,0
BUN,1,3,day_7_8,3,14,13.8,N,N,0,0
BUN,1,3,day_7_8,4,14,13.8,N,N,0,0
BUN,1,3,day_7_8,1,17,17.1,Y,Y,5,7
BUN,1,3,day_7_8,2,17,17.1,Y,Y,3,6
BUN,1,3,day_7_8,3,17,17.1,Y,Y,4,5
BUN,1,3,day_7_8,4,17,17.1,Y,Y,15,16
BUN,1,3,day_7_8,1,20,20,Y,Y,21,17
BUN,1,3,day_7_8,2,20,20,Y,Y,20,14
BUN,1,3,day_7_8,3,20,20,Y,Y,19,32
BUN,1,3,day_7_8,4,20,20,Y,Y,32,24
BUN,1,3,day_7_8,1,23,23.4,Y,Y,15,16
BUN,1,3,day_7_8,2,23,23.4,Y,Y,21,24
BUN,1,3,day_7_8,3,23,23.4,Y,Y,34,21
BUN,1,3,day_7_8,4,23,23.4,Y,Y,29,32
BUN,1,3,day_7_8,1,26,26.4,Y,Y,8,11
BUN,1,3,day_7_8,2,26,26.4,Y,Y,15,17
BUN,1,3,day_7_8,3,26,26.4,Y,Y,13,16
BUN,1,3,day_7_8,4,26,26.4,Y,Y,7,12
BUN,1,3,day_7_8,1,29,29.2,N,N,0,0
BUN,1,3,day_7_8,2,29,29.2,N,N,0,0
BUN,1,3,day_7_8,3,29,29.2,N,N,0,0
BUN,1,3,day_7_8,4,29,29.2,N,N,0,0
BUN,1,3,day_7_8,1,32,31.9,N,N,0,0
BUN,1,3,day_7_8,2,32,31.9,N,N,0,0
BUN,1,3,day_7_8,3,32,31.9,N,N,0,0
BUN,1,3,day_7_8,4,32,31.9,N,N,0,0
BUN,1,3,recovery,1,14,13.8,Y,Y,36,39
BUN,1,3,recovery,2,14,13.8,Y,Y,47,31
BUN,1,3,recovery,3,14,13.8,Y,Y,11,14
BUN,1,3,recovery,4,14,13.8,Y,Y,33,50
BUN,1,3,recovery,1,17,17.1,Y,Y,33,40
BUN,1,3,recovery,2,17,17.1,Y,Y,47,44
BUN,1,3,recovery,3,17,17.1,Y,Y,39,36
BUN,1,3,recovery,4,17,17.1,Y,Y,49,52
BUN,1,3,recovery,1,20,20,Y,Y,52,53
BUN,1,3,recovery,2,20,20,Y,Y,41,37
BUN,1,3,recovery,3,20,20,Y,Y,53,57
BUN,1,3,recovery,4,20,20,Y,Y,51,61
BUN,1,3,recovery,1,23,23.4,Y,Y,34,37
BUN,1,3,recovery,2,23,23.4,Y,Y,45,57
BUN,1,3,recovery,3,23,23.4,Y,Y,44,54
BUN,1,3,recovery,4,23,23.4,Y,Y,48,44
BUN,1,3,recovery,1,26,26.4,Y,Y,21,27
BUN,1,3,recovery,2,26,26.4,Y,Y,37,45
BUN,1,3,recovery,3,26,26.4,Y,Y,40,30
BUN,1,3,recovery,4,26,26.4,Y,Y,42,34
BUN,1,3,recovery,1,29,29.2,Y,Y,0,0
BUN,1,3,recovery,2,29,29.2,Y,Y,0,0
BUN,1,3,recovery,3,29,29.2,N,N,0,0
BUN,1,3,recovery,4,29,29.2,Y,Y,0,0
BUN,1,3,recovery,1,32,31.9,N,N,0,0
BUN,1,3,recovery,2,32,31.9,N,N,0,0
BUN,1,3,recovery,3,32,31.9,N,N,0,0
BUN,1,3,recovery,4,32,31.9,N,N,0,0
SIM,1,4,day_1_2,1,14,13.8,Y,Y,0,1
SIM,1,4,day_1_2,2,14,13.8,N,N,0,0
SIM,1,4,day_1_2,3,14,13.8,Y,Y,2,0
SIM,1,4,day_1_2,4,14,13.8,Y,Y,1,1
SIM,1,4,day_1_2,1,17,17.1,Y,Y,11,11
SIM,1,4,day_1_2,2,17,17.1,Y,Y,10,16
SIM,1,4,day_1_2,3,17,17.1,Y,Y,3,6
SIM,1,4,day_1_2,4,17,17.1,Y,Y,8,3
SIM,1,4,day_1_2,1,20,20,Y,Y,14,20
SIM,1,4,day_1_2,2,20,20,Y,Y,17,19
SIM,1,4,day_1_2,3,20,20,Y,Y,24,19
SIM,1,4,day_1_2,4,20,20,Y,Y,8,10
SIM,1,4,day_1_2,1,23,23.4,Y,Y,40,40
SIM,1,4,day_1_2,2,23,23.4,Y,Y,15,15
SIM,1,4,day_1_2,3,23,23.4,Y,Y,24,30
SIM,1,4,day_1_2,4,23,23.4,Y,Y,39,33
SIM,1,4,day_1_2,1,26,26.4,Y,Y,40,21
SIM,1,4,day_1_2,2,26,26.4,Y,Y,32,39
SIM,1,4,day_1_2,3,26,26.4,Y,Y,40,29
SIM,1,4,day_1_2,4,26,26.4,Y,Y,40,30
SIM,1,4,day_1_2,1,29,29.2,Y,Y,27,23
SIM,1,4,day_1_2,2,29,29.2,Y,Y,28,18
SIM,1,4,day_1_2,3,29,29.2,Y,Y,29,21
SIM,1,4,day_1_2,4,29,29.2,Y,Y,22,14
SIM,1,4,day_1_2,1,32,31.9,Y,N,0,0
SIM,1,4,day_1_2,2,32,31.9,Y,N,0,0
SIM,1,4,day_1_2,3,32,31.9,Y,N,0,0
SIM,1,4,day_1_2,4,32,31.9,Y,N,0,0
SIM,1,4,day_7_8,1,14,13.8,Y,Y,3,4
SIM,1,4,day_7_8,2,14,13.8,Y,Y,1,3
SIM,1,4,day_7_8,3,14,13.8,Y,Y,7,9
SIM,1,4,day_7_8,4,14,13.8,Y,Y,5,4
SIM,1,4,day_7_8,1,17,17.1,Y,Y,13,12
SIM,1,4,day_7_8,2,17,17.1,Y,Y,17,20
SIM,1,4,day_7_8,3,17,17.1,Y,Y,16,21
SIM,1,4,day_7_8,4,17,17.1,Y,Y,25,23
SIM,1,4,day_7_8,1,20,20,Y,Y,15,15
SIM,1,4,day_7_8,2,20,20,Y,Y,37,29
SIM,1,4,day_7_8,3,20,20,Y,Y,25,27
SIM,1,4,day_7_8,4,20,20,Y,Y,16,12
SIM,1,4,day_7_8,1,23,23.4,Y,Y,55,59
SIM,1,4,day_7_8,2,23,23.4,Y,Y,45,33
SIM,1,4,day_7_8,3,23,23.4,Y,Y,46,50
SIM,1,4,day_7_8,4,23,23.4,Y,Y,51,42
SIM,1,4,day_7_8,1,26,26.4,Y,Y,45,42
SIM,1,4,day_7_8,2,26,26.4,Y,Y,24,39
SIM,1,4,day_7_8,3,26,26.4,Y,Y,45,37
SIM,1,4,day_7_8,4,26,26.4,Y,Y,51,50
SIM,1,4,day_7_8,1,29,29.2,Y,Y,26,32
SIM,1,4,day_7_8,2,29,29.2,Y,Y,19,23
SIM,1,4,day_7_8,3,29,29.2,Y,Y,20,20
SIM,1,4,day_7_8,4,29,29.2,Y,Y,26,31
SIM,1,4,day_7_8,1,32,31.9,N,N,0,0
SIM,1,4,day_7_8,2,32,31.9,N,N,0,0
SIM,1,4,day_7_8,3,32,31.9,N,N,0,0
SIM,1,4,day_7_8,4,32,31.9,N,N,0,0
SIM,1,4,recovery,1,14,13.8,Y,Y,22,34
SIM,1,4,recovery,2,14,13.8,Y,Y,40,50
SIM,1,4,recovery,3,14,13.8,Y,Y,43,43
SIM,1,4,recovery,4,14,13.8,Y,Y,28,30
SIM,1,4,recovery,1,17,17.1,Y,Y,28,25
SIM,1,4,recovery,2,17,17.1,Y,Y,12,15
SIM,1,4,recovery,3,17,17.1,Y,Y,37,45
SIM,1,4,recovery,4,17,17.1,Y,Y,27,35
SIM,1,4,recovery,1,20,20,Y,Y,23,30
SIM,1,4,recovery,2,20,20,Y,Y,33,31
SIM,1,4,recovery,3,20,20,Y,Y,47,38
SIM,1,4,recovery,4,20,20,Y,Y,25,20
SIM,1,4,recovery,1,23,23.4,Y,Y,42,52
SIM,1,4,recovery,2,23,23.4,Y,Y,54,49
SIM,1,4,recovery,3,23,23.4,Y,Y,56,60
SIM,1,4,recovery,4,23,23.4,Y,Y,NA,NA
SIM,1,4,recovery,1,26,26.4,Y,Y,47,44
SIM,1,4,recovery,2,26,26.4,Y,Y,58,51
SIM,1,4,recovery,3,26,26.4,Y,Y,60,60
SIM,1,4,recovery,4,26,26.4,Y,Y,64,54
SIM,1,4,recovery,1,29,29.2,Y,Y,54,58
SIM,1,4,recovery,2,29,29.2,Y,Y,50,46
SIM,1,4,recovery,3,29,29.2,Y,Y,82,65
SIM,1,4,recovery,4,29,29.2,Y,Y,48,56
SIM,1,4,recovery,1,32,31.9,N,N,0,0
SIM,1,4,recovery,2,32,31.9,N,N,0,0
SIM,1,4,recovery,3,32,31.9,N,N,0,0
SIM,1,4,recovery,4,32,31.9,Y,Y,1,0
PAL,1,5,day_1_2,1,14,13.8,N,N,0,0
PAL,1,5,day_1_2,2,14,13.8,N,N,0,0
PAL,1,5,day_1_2,3,14,13.8,N,N,0,0
PAL,1,5,day_1_2,4,14,13.8,N,N,0,0
PAL,1,5,day_1_2,1,17,17.1,Y,N,0,0
PAL,1,5,day_1_2,2,17,17.1,Y,N,0,0
PAL,1,5,day_1_2,3,17,17.1,N,N,0,0
PAL,1,5,day_1_2,4,17,17.1,N,N,0,0
PAL,1,5,day_1_2,1,20,20,Y,Y,4,6
PAL,1,5,day_1_2,2,20,20,N,N,0,0
PAL,1,5,day_1_2,3,20,20,N,N,0,0
PAL,1,5,day_1_2,4,20,20,N,N,0,0
PAL,1,5,day_1_2,1,23,23.4,Y,Y,17,17
PAL,1,5,day_1_2,2,23,23.4,Y,Y,22,14
PAL,1,5,day_1_2,3,23,23.4,Y,Y,17,11
PAL,1,5,day_1_2,4,23,23.4,Y,Y,25,30
PAL,1,5,day_1_2,1,26,26.4,Y,Y,22,21
PAL,1,5,day_1_2,2,26,26.4,Y,Y,22,13
PAL,1,5,day_1_2,3,26,26.4,Y,Y,12,25
PAL,1,5,day_1_2,4,26,26.4,Y,Y,28,20
PAL,1,5,day_1_2,1,29,29.2,Y,Y,2,0
PAL,1,5,day_1_2,2,29,29.2,Y,Y,1,0
PAL,1,5,day_1_2,3,29,29.2,Y,Y,1,1
PAL,1,5,day_1_2,4,29,29.2,Y,Y,0,0
PAL,1,5,day_1_2,1,32,31.9,N,N,0,0
PAL,1,5,day_1_2,2,32,31.9,N,N,0,0
PAL,1,5,day_1_2,3,32,31.9,N,N,0,0
PAL,1,5,day_1_2,4,32,31.9,N,N,0,0
PAL,1,5,day_7_8,1,14,13.8,N,N,0,0
PAL,1,5,day_7_8,2,14,13.8,N,N,0,0
PAL,1,5,day_7_8,3,14,13.8,N,N,0,0
PAL,1,5,day_7_8,4,14,13.8,N,N,0,0
PAL,1,5,day_7_8,1,17,17.1,N,N,0,0
PAL,1,5,day_7_8,2,17,17.1,Y,Y,3,3
PAL,1,5,day_7_8,3,17,17.1,N,N,0,0
PAL,1,5,day_7_8,4,17,17.1,Y,Y,4,4
PAL,1,5,day_7_8,1,20,20,Y,Y,27,20
PAL,1,5,day_7_8,2,20,20,N,N,21,26
PAL,1,5,day_7_8,3,20,20,N,N,11,11
PAL,1,5,day_7_8,4,20,20,N,N,0,0
PAL,1,5,day_7_8,1,23,23.4,Y,Y,26,29
PAL,1,5,day_7_8,2,23,23.4,Y,Y,41,27
PAL,1,5,day_7_8,3,23,23.4,Y,Y,42,18
PAL,1,5,day_7_8,4,23,23.4,Y,Y,44,29
PAL,1,5,day_7_8,1,26,26.4,Y,Y,37,21
PAL,1,5,day_7_8,2,26,26.4,Y,Y,28,34
PAL,1,5,day_7_8,3,26,26.4,Y,Y,9,12
PAL,1,5,day_7_8,4,26,26.4,Y,Y,19,21
PAL,1,5,day_7_8,1,29,29.2,N,N,0,0
PAL,1,5,day_7_8,2,29,29.2,N,N,0,0
PAL,1,5,day_7_8,3,29,29.2,N,N,0,0
PAL,1,5,day_7_8,4,29,29.2,N,N,0,0
PAL,1,5,day_7_8,1,32,31.9,N,N,0,0
PAL,1,5,day_7_8,2,32,31.9,N,N,0,0
PAL,1,5,day_7_8,3,32,31.9,N,N,0,0
PAL,1,5,day_7_8,4,32,31.9,N,N,0,0
PAL,1,5,recovery,1,14,13.8,Y,Y,40,58
PAL,1,5,recovery,2,14,13.8,Y,Y,46,45
PAL,1,5,recovery,3,14,13.8,Y,Y,32,33
PAL,1,5,recovery,4,14,13.8,Y,Y,38,44
PAL,1,5,recovery,1,17,17.1,Y,Y,39,48
PAL,1,5,recovery,2,17,17.1,Y,Y,39,55
PAL,1,5,recovery,3,17,17.1,Y,Y,48,47
PAL,1,5,recovery,4,17,17.1,Y,Y,34,49
PAL,1,5,recovery,1,20,20,Y,Y,43,54
PAL,1,5,recovery,2,20,20,Y,Y,52,51
PAL,1,5,recovery,3,20,20,Y,Y,26,41
PAL,1,5,recovery,4,20,20,Y,Y,2,1
PAL,1,5,recovery,1,23,23.4,Y,Y,50,51
PAL,1,5,recovery,2,23,23.4,Y,Y,46,27
PAL,1,5,recovery,3,23,23.4,Y,Y,51,44
PAL,1,5,recovery,4,23,23.4,Y,Y,49,44
PAL,1,5,recovery,1,26,26.4,Y,Y,52,60
PAL,1,5,recovery,2,26,26.4,Y,Y,36,40
PAL,1,5,recovery,3,26,26.4,Y,Y,46,47
PAL,1,5,recovery,4,26,26.4,Y,Y,47,46
PAL,1,5,recovery,1,29,29.2,N,N,0,0
PAL,1,5,recovery,2,29,29.2,N,N,0,0
PAL,1,5,recovery,3,29,29.2,N,N,0,0
PAL,1,5,recovery,4,29,29.2,N,N,0,0
PAL,1,5,recovery,1,32,31.9,N,N,0,0
PAL,1,5,recovery,2,32,31.9,N,N,0,0
PAL,1,5,recovery,3,32,31.9,N,N,0,0
PAL,1,5,recovery,4,32,31.9,N,N,0,0
BIP,1,6,day_1_2,1,14,13.8,N,N,0,0
BIP,1,6,day_1_2,2,14,13.8,N,N,0,0
BIP,1,6,day_1_2,3,14,13.8,N,N,0,0
BIP,1,6,day_1_2,4,14,13.8,N,N,0,0
BIP,1,6,day_1_2,1,17,17.1,N,N,0,0
BIP,1,6,day_1_2,2,17,17.1,N,N,0,0
BIP,1,6,day_1_2,3,17,17.1,N,N,0,0
BIP,1,6,day_1_2,4,17,17.1,N,N,0,0
BIP,1,6,day_1_2,1,20,20,Y,Y,8,15
BIP,1,6,day_1_2,2,20,20,Y,Y,15,22
BIP,1,6,day_1_2,3,20,20,Y,Y,9,11
BIP,1,6,day_1_2,4,20,20,Y,Y,10,12
BIP,1,6,day_1_2,1,23,23.4,Y,Y,33,35
BIP,1,6,day_1_2,2,23,23.4,Y,Y,37,40
BIP,1,6,day_1_2,3,23,23.4,Y,Y,21,29
BIP,1,6,day_1_2,4,23,23.4,Y,Y,34,24
BIP,1,6,day_1_2,1,26,26.4,Y,Y,20,25
BIP,1,6,day_1_2,2,26,26.4,Y,Y,26,27
BIP,1,6,day_1_2,3,26,26.4,Y,Y,36,26
BIP,1,6,day_1_2,4,26,26.4,Y,Y,31,32
BIP,1,6,day_1_2,1,29,29.2,Y,Y,8,12
BIP,1,6,day_1_2,2,29,29.2,Y,Y,10,8
BIP,1,6,day_1_2,3,29,29.2,Y,Y,13,10
BIP,1,6,day_1_2,4,29,29.2,Y,Y,11,13
BIP,1,6,day_1_2,1,32,31.9,Y,Y,0,0
BIP,1,6,day_1_2,2,32,31.9,Y,Y,0,0
BIP,1,6,day_1_2,3,32,31.9,Y,Y,0,0
BIP,1,6,day_1_2,4,32,31.9,Y,Y,0,0
BIP,1,6,day_7_8,1,14,13.8,N,N,0,0
BIP,1,6,day_7_8,2,14,13.8,N,N,0,0
BIP,1,6,day_7_8,3,14,13.8,N,N,0,0
BIP,1,6,day_7_8,4,14,13.8,N,N,0,0
BIP,1,6,day_7_8,1,17,17.1,Y,Y,1,1
BIP,1,6,day_7_8,2,17,17.1,Y,Y,6,3
BIP,1,6,day_7_8,3,17,17.1,Y,Y,7,8
BIP,1,6,day_7_8,4,17,17.1,Y,Y,8,5
BIP,1,6,day_7_8,1,20,20,Y,Y,16,17
BIP,1,6,day_7_8,2,20,20,Y,Y,16,23
BIP,1,6,day_7_8,3,20,20,Y,Y,18,17
BIP,1,6,day_7_8,4,20,20,Y,Y,11,19
BIP,1,6,day_7_8,1,23,23.4,Y,Y,51,52
BIP,1,6,day_7_8,2,23,23.4,Y,Y,37,48
BIP,1,6,day_7_8,3,23,23.4,Y,Y,61,58
BIP,1,6,day_7_8,4,23,23.4,Y,Y,42,34
BIP,1,6,day_7_8,1,26,26.4,Y,Y,47,56
BIP,1,6,day_7_8,2,26,26.4,Y,Y,48,30
BIP,1,6,day_7_8,3,26,26.4,Y,Y,9,5
BIP,1,6,day_7_8,4,26,26.4,Y,Y,36,62
BIP,1,6,day_7_8,1,29,29.2,N,N,0,0
BIP,1,6,day_7_8,2,29,29.2,Y,Y,1,0
BIP,1,6,day_7_8,3,29,29.2,N,N,0,0
BIP,1,6,day_7_8,4,29,29.2,Y,Y,1,0
BIP,1,6,day_7_8,1,32,31.9,N,N,0,0
BIP,1,6,day_7_8,2,32,31.9,N,N,0,0
BIP,1,6,day_7_8,3,32,31.9,N,N,0,0
BIP,1,6,day_7_8,4,32,31.9,N,N,0,0
BIP,1,6,recovery,1,14,13.8,Y,Y,44,58
BIP,1,6,recovery,2,14,13.8,Y,Y,40,48
BIP,1,6,recovery,3,14,13.8,Y,Y,5,11
BIP,1,6,recovery,4,14,13.8,Y,Y,9,13
BIP,1,6,recovery,1,17,17.1,Y,Y,35,29
BIP,1,6,recovery,2,17,17.1,Y,Y,38,43
BIP,1,6,recovery,3,17,17.1,Y,Y,27,42
BIP,1,6,recovery,4,17,17.1,Y,Y,36,50
BIP,1,6,recovery,1,20,20,Y,Y,32,35
BIP,1,6,recovery,2,20,20,Y,Y,46,60
BIP,1,6,recovery,3,20,20,Y,Y,46,44
BIP,1,6,recovery,4,20,20,Y,Y,32,54
BIP,1,6,recovery,1,23,23.4,Y,Y,53,50
BIP,1,6,recovery,2,23,23.4,Y,Y,75,59
BIP,1,6,recovery,3,23,23.4,Y,Y,64,58
BIP,1,6,recovery,4,23,23.4,Y,Y,46,45
BIP,1,6,recovery,1,26,26.4,Y,Y,50,40
BIP,1,6,recovery,2,26,26.4,Y,Y,29,37
BIP,1,6,recovery,3,26,26.4,Y,Y,21,14
BIP,1,6,recovery,4,26,26.4,Y,Y,43,41
BIP,1,6,recovery,1,29,29.2,N,N,0,0
BIP,1,6,recovery,2,29,29.2,Y,Y,37,35
BIP,1,6,recovery,3,29,29.2,Y,Y,27,17
BIP,1,6,recovery,4,29,29.2,Y,Y,11,21
BIP,1,6,recovery,1,32,31.9,N,N,0,0
BIP,1,6,recovery,2,32,31.9,N,N,0,0
BIP,1,6,recovery,3,32,31.9,N,N,0,0
BIP,1,6,recovery,4,32,31.9,N,N,0,0
bir,1,7,day_1_2,1,14,13.8,N,N,0,0
bir,1,7,day_1_2,2,14,13.8,N,N,0,0
bir,1,7,day_1_2,3,14,13.8,N,N,0,0
bir,1,7,day_1_2,4,14,13.8,N,N,0,0
bir,1,7,day_1_2,1,17,17.1,Y,Y,4,7
bir,1,7,day_1_2,2,17,17.1,Y,Y,9,4
bir,1,7,day_1_2,3,17,17.1,Y,Y,4,3
bir,1,7,day_1_2,4,17,17.1,Y,Y,1,4
bir,1,7,day_1_2,1,20,20,Y,Y,11,10
bir,1,7,day_1_2,2,20,20,Y,Y,9,14
bir,1,7,day_1_2,3,20,20,Y,Y,19,16
bir,1,7,day_1_2,4,20,20,Y,Y,18,10
bir,1,7,day_1_2,1,23,23.4,Y,Y,17,19
bir,1,7,day_1_2,2,23,23.4,Y,Y,21,20
bir,1,7,day_1_2,3,23,23.4,Y,Y,21,15
bir,1,7,day_1_2,4,23,23.4,Y,Y,20,23
bir,1,7,day_1_2,1,26,26.4,Y,Y,14,14
bir,1,7,day_1_2,2,26,26.4,Y,Y,10,9
bir,1,7,day_1_2,3,26,26.4,Y,Y,16,19
bir,1,7,day_1_2,4,26,26.4,Y,Y,24,23
bir,1,7,day_1_2,1,29,29.2,Y,Y,0,0
bir,1,7,day_1_2,2,29,29.2,Y,Y,3,3
bir,1,7,day_1_2,3,29,29.2,Y,Y,1,0
bir,1,7,day_1_2,4,29,29.2,Y,Y,0,0
bir,1,7,day_1_2,1,32,31.9,N,N,0,0
bir,1,7,day_1_2,2,32,31.9,N,N,0,0
bir,1,7,day_1_2,3,32,31.9,N,N,0,0
bir,1,7,day_1_2,4,32,31.9,N,N,0,0
bir,1,7,day_7_8,1,14,13.8,N,N,0,0
bir,1,7,day_7_8,2,14,13.8,N,N,0,0
bir,1,7,day_7_8,3,14,13.8,Y,Y,1,0
bir,1,7,day_7_8,4,14,13.8,Y,Y,1,0
bir,1,7,day_7_8,1,17,17.1,Y,Y,6,8
bir,1,7,day_7_8,2,17,17.1,Y,Y,17,11
bir,1,7,day_7_8,3,17,17.1,Y,Y,8,4
bir,1,7,day_7_8,4,17,17.1,Y,Y,11,5
bir,1,7,day_7_8,1,20,20,Y,Y,21,14
bir,1,7,day_7_8,2,20,20,Y,Y,18,15
bir,1,7,day_7_8,3,20,20,Y,Y,13,18
bir,1,7,day_7_8,4,20,20,Y,Y,16,11
bir,1,7,day_7_8,1,23,23.4,Y,Y,32,36
bir,1,7,day_7_8,2,23,23.4,Y,Y,30,25
bir,1,7,day_7_8,3,23,23.4,Y,Y,35,28
bir,1,7,day_7_8,4,23,23.4,Y,Y,26,34
bir,1,7,day_7_8,1,26,26.4,Y,Y,8,10
bir,1,7,day_7_8,2,26,26.4,Y,Y,15,7
bir,1,7,day_7_8,3,26,26.4,Y,Y,22,22
bir,1,7,day_7_8,4,26,26.4,Y,Y,6,14
bir,1,7,day_7_8,1,29,29.2,N,N,0,0
bir,1,7,day_7_8,2,29,29.2,N,N,0,0
bir,1,7,day_7_8,3,29,29.2,N,N,0,0
bir,1,7,day_7_8,4,29,29.2,N,N,0,0
bir,1,7,day_7_8,1,32,31.9,N,N,0,0
bir,1,7,day_7_8,2,32,31.9,N,N,0,0
bir,1,7,day_7_8,3,32,31.9,N,N,0,0
bir,1,7,day_7_8,4,32,31.9,N,N,0,0
bir,1,7,recovery,1,14,13.8,Y,Y,48,44
bir,1,7,recovery,2,14,13.8,Y,Y,28,28
bir,1,7,recovery,3,14,13.8,Y,Y,44,44
bir,1,7,recovery,4,14,13.8,Y,Y,34,28
bir,1,7,recovery,1,17,17.1,Y,Y,42,29
bir,1,7,recovery,2,17,17.1,Y,Y,27,43
bir,1,7,recovery,3,17,17.1,Y,Y,45,38
bir,1,7,recovery,4,17,17.1,Y,Y,28,38
bir,1,7,recovery,1,20,20,Y,Y,56,51
bir,1,7,recovery,2,20,20,Y,Y,45,51
bir,1,7,recovery,3,20,20,Y,Y,40,42
bir,1,7,recovery,4,20,20,Y,Y,53,49
bir,1,7,recovery,1,23,23.4,Y,Y,48,41
bir,1,7,recovery,2,23,23.4,Y,Y,43,48
bir,1,7,recovery,3,23,23.4,Y,Y,50,52
bir,1,7,recovery,4,23,23.4,Y,Y,71,54
bir,1,7,recovery,1,26,26.4,Y,Y,36,33
bir,1,7,recovery,2,26,26.4,Y,Y,35,38
bir,1,7,recovery,3,26,26.4,Y,Y,54,44
bir,1,7,recovery,4,26,26.4,Y,Y,49,53
bir,1,7,recovery,1,29,29.2,N,N,0,0
bir,1,7,recovery,2,29,29.2,N,N,0,0
bir,1,7,recovery,3,29,29.2,Y,N,0,0
bir,1,7,recovery,4,29,29.2,N,N,0,0
bir,1,7,recovery,1,32,31.9,N,N,0,0
bir,1,7,recovery,2,32,31.9,N,N,0,0
bir,1,7,recovery,3,32,31.9,N,N,0,0
bir,1,7,recovery,4,32,31.9,N,N,0,0
SUL,1,8,day_1_2,1,14,13.8,N,N,0,0
SUL,1,8,day_1_2,2,14,13.8,N,N,0,0
SUL,1,8,day_1_2,3,14,13.8,N,N,0,0
SUL,1,8,day_1_2,4,14,13.8,N,N,0,0
SUL,1,8,day_1_2,1,17,17.1,N,N,0,0
SUL,1,8,day_1_2,2,17,17.1,N,N,0,0
SUL,1,8,day_1_2,3,17,17.1,N,N,0,0
SUL,1,8,day_1_2,4,17,17.1,N,N,0,0
SUL,1,8,day_1_2,1,20,20,Y,Y,1,2
SUL,1,8,day_1_2,2,20,20,Y,Y,17,23
SUL,1,8,day_1_2,3,20,20,Y,Y,7,12
SUL,1,8,day_1_2,4,20,20,Y,Y,0,1
SUL,1,8,day_1_2,1,23,23.4,Y,Y,28,21
SUL,1,8,day_1_2,2,23,23.4,Y,Y,17,17
SUL,1,8,day_1_2,3,23,23.4,Y,Y,21,17
SUL,1,8,day_1_2,4,23,23.4,Y,Y,12,27
SUL,1,8,day_1_2,1,26,26.4,Y,Y,26,17
SUL,1,8,day_1_2,2,26,26.4,Y,Y,18,20
SUL,1,8,day_1_2,3,26,26.4,Y,Y,27,28
SUL,1,8,day_1_2,4,26,26.4,Y,Y,31,25
SUL,1,8,day_1_2,1,29,29.2,Y,Y,14,8
SUL,1,8,day_1_2,2,29,29.2,Y,Y,4,5
SUL,1,8,day_1_2,3,29,29.2,Y,Y,16,15
SUL,1,8,day_1_2,4,29,29.2,Y,Y,3,14
SUL,1,8,day_1_2,1,32,31.9,N,N,0,0
SUL,1,8,day_1_2,2,32,31.9,N,N,0,0
SUL,1,8,day_1_2,3,32,31.9,N,N,0,0
SUL,1,8,day_1_2,4,32,31.9,N,N,0,0
SUL,1,8,day_7_8,1,14,13.8,N,N,0,0
SUL,1,8,day_7_8,2,14,13.8,N,N,0,0
SUL,1,8,day_7_8,3,14,13.8,N,N,0,0
SUL,1,8,day_7_8,4,14,13.8,N,N,0,0
SUL,1,8,day_7_8,1,17,17.1,Y,Y,7,3
SUL,1,8,day_7_8,2,17,17.1,Y,Y,17,12
SUL,1,8,day_7_8,3,17,17.1,Y,Y,18,11
SUL,1,8,day_7_8,4,17,17.1,Y,Y,6,8
SUL,1,8,day_7_8,1,20,20,Y,Y,32,29
SUL,1,8,day_7_8,2,20,20,Y,Y,39,33
SUL,1,8,day_7_8,3,20,20,Y,Y,20,15
SUL,1,8,day_7_8,4,20,20,Y,Y,34,30
SUL,1,8,day_7_8,1,23,23.4,Y,Y,31,30
SUL,1,8,day_7_8,2,23,23.4,Y,Y,23,26
SUL,1,8,day_7_8,3,23,23.4,Y,Y,30,36
SUL,1,8,day_7_8,4,23,23.4,Y,Y,39,43
SUL,1,8,day_7_8,1,26,26.4,Y,Y,20,30
SUL,1,8,day_7_8,2,26,26.4,Y,Y,41,27
SUL,1,8,day_7_8,3,26,26.4,Y,Y,32,38
SUL,1,8,day_7_8,4,26,26.4,Y,Y,43,29
SUL,1,8,day_7_8,1,29,29.2,N,N,0,0
SUL,1,8,day_7_8,2,29,29.2,N,N,0,0
SUL,1,8,day_7_8,3,29,29.2,N,N,0,0
SUL,1,8,day_7_8,4,29,29.2,N,N,0,0
SUL,1,8,day_7_8,1,32,31.9,N,N,0,0
SUL,1,8,day_7_8,2,32,31.9,N,N,0,0
SUL,1,8,day_7_8,3,32,31.9,N,N,0,0
SUL,1,8,day_7_8,4,32,31.9,N,N,0,0
SUL,1,8,recovery,1,14,13.8,Y,Y,38,43
SUL,1,8,recovery,2,14,13.8,Y,Y,26,49
SUL,1,8,recovery,3,14,13.8,Y,Y,41,49
SUL,1,8,recovery,4,14,13.8,Y,Y,51,48
SUL,1,8,recovery,1,17,17.1,Y,Y,48,39
SUL,1,8,recovery,2,17,17.1,Y,Y,42,36
SUL,1,8,recovery,3,17,17.1,Y,Y,34,37
SUL,1,8,recovery,4,17,17.1,Y,Y,50,45
SUL,1,8,recovery,1,20,20,Y,Y,34,34
SUL,1,8,recovery,2,20,20,Y,Y,42,30
SUL,1,8,recovery,3,20,20,Y,Y,43,45
SUL,1,8,recovery,4,20,20,Y,Y,41,48
SUL,1,8,recovery,1,23,23.4,Y,Y,48,44
SUL,1,8,recovery,2,23,23.4,Y,Y,67,47
SUL,1,8,recovery,3,23,23.4,Y,Y,42,38
SUL,1,8,recovery,4,23,23.4,Y,Y,37,45
SUL,1,8,recovery,1,26,26.4,Y,Y,54,47
SUL,1,8,recovery,2,26,26.4,Y,Y,55,45
SUL,1,8,recovery,3,26,26.4,Y,Y,42,40
SUL,1,8,recovery,4,26,26.4,Y,Y,45,40
SUL,1,8,recovery,1,29,29.2,Y,Y,41,40
SUL,1,8,recovery,2,29,29.2,N,N,0,0
SUL,1,8,recovery,3,29,29.2,Y,Y,14,20
SUL,1,8,recovery,4,29,29.2,Y,Y,17,12
SUL,1,8,recovery,1,32,31.9,N,N,0,0
SUL,1,8,recovery,2,32,31.9,N,N,0,0
SUL,1,8,recovery,3,32,31.9,N,N,0,0
SUL,1,8,recovery,4,32,31.9,N,N,0,0
PAN,1,9,day_1_2,1,14,13.8,N,N,0,0
PAN,1,9,day_1_2,2,14,13.8,N,N,0,0
PAN,1,9,day_1_2,3,14,13.8,N,N,0,0
PAN,1,9,day_1_2,4,14,13.8,N,N,0,0
PAN,1,9,day_1_2,1,17,17.1,Y,Y,1,0
PAN,1,9,day_1_2,2,17,17.1,N,N,0,0
PAN,1,9,day_1_2,3,17,17.1,Y,Y,3,1
PAN,1,9,day_1_2,4,17,17.1,N,N,0,0
PAN,1,9,day_1_2,1,20,20,Y,Y,26,24
PAN,1,9,day_1_2,2,20,20,Y,Y,16,14
PAN,1,9,day_1_2,3,20,20,Y,Y,1,6
PAN,1,9,day_1_2,4,20,20,Y,Y,16,28
PAN,1,9,day_1_2,1,23,23.4,Y,Y,34,41
PAN,1,9,day_1_2,2,23,23.4,Y,Y,28,28
PAN,1,9,day_1_2,3,23,23.4,Y,Y,30,33
PAN,1,9,day_1_2,4,23,23.4,Y,Y,40,37
PAN,1,9,day_1_2,1,26,26.4,Y,Y,32,40
PAN,1,9,day_1_2,2,26,26.4,Y,Y,32,22
PAN,1,9,day_1_2,3,26,26.4,Y,Y,37,50
PAN,1,9,day_1_2,4,26,26.4,Y,Y,45,37
PAN,1,9,day_1_2,1,29,29.2,Y,Y,49,31
PAN,1,9,day_1_2,2,29,29.2,Y,Y,7,8
PAN,1,9,day_1_2,3,29,29.2,Y,Y,8,12
PAN,1,9,day_1_2,4,29,29.2,Y,Y,7,2
PAN,1,9,day_1_2,1,32,31.9,Y,Y,0,0
PAN,1,9,day_1_2,2,32,31.9,N,N,0,0
PAN,1,9,day_1_2,3,32,31.9,Y,Y,0,0
PAN,1,9,day_1_2,4,32,31.9,N,N,0,0
PAN,1,9,day_7_8,1,14,13.8,N,N,0,0
PAN,1,9,day_7_8,2,14,13.8,N,N,0,0
PAN,1,9,day_7_8,3,14,13.8,N,N,0,0
PAN,1,9,day_7_8,4,14,13.8,N,N,0,0
PAN,1,9,day_7_8,1,17,17.1,Y,Y,9,7
PAN,1,9,day_7_8,2,17,17.1,Y,Y,7,7
PAN,1,9,day_7_8,3,17,17.1,Y,Y,11,5
PAN,1,9,day_7_8,4,17,17.1,Y,Y,0,5
PAN,1,9,day_7_8,1,20,20,Y,Y,23,22
PAN,1,9,day_7_8,2,20,20,Y,Y,26,26
PAN,1,9,day_7_8,3,20,20,Y,Y,14,21
PAN,1,9,day_7_8,4,20,20,Y,Y,29,42
PAN,1,9,day_7_8,1,23,23.4,Y,Y,38,45
PAN,1,9,day_7_8,2,23,23.4,Y,Y,57,53
PAN,1,9,day_7_8,3,23,23.4,Y,Y,32,44
PAN,1,9,day_7_8,4,23,23.4,Y,Y,56,72
PAN,1,9,day_7_8,1,26,26.4,Y,Y,36,38
PAN,1,9,day_7_8,2,26,26.4,Y,Y,44,45
PAN,1,9,day_7_8,3,26,26.4,Y,Y,40,49
PAN,1,9,day_7_8,4,26,26.4,Y,Y,32,34
PAN,1,9,day_7_8,1,29,29.2,Y,Y,3,2
PAN,1,9,day_7_8,2,29,29.2,N,N,0,0
PAN,1,9,day_7_8,3,29,29.2,N,N,0,0
PAN,1,9,day_7_8,4,29,29.2,N,N,0,0
PAN,1,9,day_7_8,1,32,31.9,N,N,0,0
PAN,1,9,day_7_8,2,32,31.9,N,N,0,0
PAN,1,9,day_7_8,3,32,31.9,N,N,0,0
PAN,1,9,day_7_8,4,32,31.9,N,N,0,0
PAN,1,9,recovery,1,14,13.8,Y,Y,40,38
PAN,1,9,recovery,2,14,13.8,Y,Y,38,29
PAN,1,9,recovery,3,14,13.8,N,N,0,0
PAN,1,9,recovery,4,14,13.8,Y,Y,37,48
PAN,1,9,recovery,1,17,17.1,Y,Y,32,33
PAN,1,9,recovery,2,17,17.1,Y,Y,47,58
PAN,1,9,recovery,3,17,17.1,Y,Y,24,46
PAN,1,9,recovery,4,17,17.1,Y,Y,43,40
PAN,1,9,recovery,1,20,20,Y,Y,34,39
PAN,1,9,recovery,2,20,20,Y,Y,44,34
PAN,1,9,recovery,3,20,20,Y,Y,43,40
PAN,1,9,recovery,4,20,20,Y,Y,47,40
PAN,1,9,recovery,1,23,23.4,Y,Y,57,60
PAN,1,9,recovery,2,23,23.4,Y,Y,43,44
PAN,1,9,recovery,3,23,23.4,Y,Y,40,44
PAN,1,9,recovery,4,23,23.4,Y,Y,65,59
PAN,1,9,recovery,1,26,26.4,Y,Y,35,41
PAN,1,9,recovery,2,26,26.4,Y,Y,33,33
PAN,1,9,recovery,3,26,26.4,Y,Y,47,67
PAN,1,9,recovery,4,26,26.4,Y,Y,38,47
PAN,1,9,recovery,1,29,29.2,Y,Y,46,33
PAN,1,9,recovery,2,29,29.2,Y,Y,41,45
PAN,1,9,recovery,3,29,29.2,Y,Y,21,21
PAN,1,9,recovery,4,29,29.2,N,N,0,0
PAN,1,9,recovery,1,32,31.9,N,N,0,0
PAN,1,9,recovery,2,32,31.9,N,N,0,0
PAN,1,9,recovery,3,32,31.9,N,N,0,0
PAN,1,9,recovery,4,32,31.9,N,N,0,0
MEL,2,1,day_1_2,1,14,14.4,Y,Y,4,5
MEL,2,1,day_1_2,2,14,14.4,Y,Y,5,2
MEL,2,1,day_1_2,3,14,14.4,Y,Y,12,4
MEL,2,1,day_1_2,4,14,14.4,Y,Y,11,8
MEL,2,1,day_1_2,1,17,16.9,Y,Y,5,11
MEL,2,1,day_1_2,2,17,16.9,Y,Y,13,5
MEL,2,1,day_1_2,3,17,16.9,Y,Y,13,6
MEL,2,1,day_1_2,4,17,16.9,Y,Y,13,20
MEL,2,1,day_1_2,1,20,20.1,Y,Y,33,32
MEL,2,1,day_1_2,2,20,20.1,Y,Y,32,24
MEL,2,1,day_1_2,3,20,20.1,Y,Y,39,33
MEL,2,1,day_1_2,4,20,20.1,Y,Y,23,33
MEL,2,1,day_1_2,1,23,23.3,Y,Y,39,41
MEL,2,1,day_1_2,2,23,23.3,Y,Y,52,43
MEL,2,1,day_1_2,3,23,23.3,Y,Y,41,40
MEL,2,1,day_1_2,4,23,23.3,Y,Y,24,37
MEL,2,1,day_1_2,1,26,26.3,Y,Y,29,44
MEL,2,1,day_1_2,2,26,26.3,Y,Y,36,40
MEL,2,1,day_1_2,3,26,26.3,Y,Y,13,21
MEL,2,1,day_1_2,4,26,26.3,Y,Y,56,46
MEL,2,1,day_1_2,1,29,29.7,Y,Y,54,39
MEL,2,1,day_1_2,2,29,29.7,Y,Y,25,28
MEL,2,1,day_1_2,3,29,29.7,Y,Y,42,40
MEL,2,1,day_1_2,4,29,29.7,Y,Y,43,35
MEL,2,1,day_1_2,1,32,32.5,Y,Y,0,0
MEL,2,1,day_1_2,2,32,32.5,Y,Y,0,0
MEL,2,1,day_1_2,3,32,32.5,Y,Y,0,0
MEL,2,1,day_1_2,4,32,32.5,Y,Y,0,0
MEL,2,1,day_7_8,1,14,14.4,Y,Y,12,11
MEL,2,1,day_7_8,2,14,14.4,Y,Y,5,1
MEL,2,1,day_7_8,3,14,14.4,Y,Y,14,8
MEL,2,1,day_7_8,4,14,14.4,Y,Y,6,6
MEL,2,1,day_7_8,1,17,16.9,Y,Y,15,19
MEL,2,1,day_7_8,2,17,16.9,Y,Y,23,10
MEL,2,1,day_7_8,3,17,16.9,Y,Y,12,6
MEL,2,1,day_7_8,4,17,16.9,Y,Y,15,9
MEL,2,1,day_7_8,1,20,20.1,Y,Y,24,24
MEL,2,1,day_7_8,2,20,20.1,Y,Y,41,27
MEL,2,1,day_7_8,3,20,20.1,Y,Y,34,37
MEL,2,1,day_7_8,4,20,20.1,Y,Y,27,15
MEL,2,1,day_7_8,1,23,23.3,Y,Y,48,49
MEL,2,1,day_7_8,2,23,23.3,Y,Y,59,54
MEL,2,1,day_7_8,3,23,23.3,Y,Y,60,40
MEL,2,1,day_7_8,4,23,23.3,Y,Y,25,39
MEL,2,1,day_7_8,1,26,26.3,Y,Y,59,55
MEL,2,1,day_7_8,2,26,26.3,Y,Y,65,46
MEL,2,1,day_7_8,3,26,26.3,Y,Y,57,49
MEL,2,1,day_7_8,4,26,26.3,Y,Y,68,78
MEL,2,1,day_7_8,1,29,29.7,Y,Y,48,37
MEL,2,1,day_7_8,2,29,29.7,Y,Y,1,1
MEL,2,1,day_7_8,3,29,29.7,Y,Y,38,31
MEL,2,1,day_7_8,4,29,29.7,Y,Y,30,37
MEL,2,1,day_7_8,1,32,32.5,N,N,0,0
MEL,2,1,day_7_8,2,32,32.5,N,N,0,0
MEL,2,1,day_7_8,3,32,32.5,N,N,0,0
MEL,2,1,day_7_8,4,32,32.5,N,N,0,0
MEL,2,1,recovery,1,14,14.4,Y,Y,57,53
MEL,2,1,recovery,2,14,14.4,Y,Y,24,18
MEL,2,1,recovery,3,14,14.4,Y,Y,24,27
MEL,2,1,recovery,4,14,14.4,Y,Y,56,56
MEL,2,1,recovery,1,17,16.9,Y,Y,35,43
MEL,2,1,recovery,2,17,16.9,Y,Y,63,46
MEL,2,1,recovery,3,17,16.9,Y,Y,51,58
MEL,2,1,recovery,4,17,16.9,Y,Y,36,47
MEL,2,1,recovery,1,20,20.1,Y,Y,66,58
MEL,2,1,recovery,2,20,20.1,Y,Y,50,39
MEL,2,1,recovery,3,20,20.1,Y,Y,55,59
MEL,2,1,recovery,4,20,20.1,Y,Y,52,50
MEL,2,1,recovery,1,23,23.3,Y,Y,73,53
MEL,2,1,recovery,2,23,23.3,Y,Y,57,60
MEL,2,1,recovery,3,23,23.3,Y,Y,58,66
MEL,2,1,recovery,4,23,23.3,Y,Y,60,57
MEL,2,1,recovery,1,26,26.3,Y,Y,47,65
MEL,2,1,recovery,2,26,26.3,Y,Y,59,75
MEL,2,1,recovery,3,26,26.3,Y,Y,69,50
MEL,2,1,recovery,4,26,26.3,Y,Y,60,77
MEL,2,1,recovery,1,29,29.7,Y,Y,3,7
MEL,2,1,recovery,2,29,29.7,N,N,0,0
MEL,2,1,recovery,3,29,29.7,Y,Y,81,56
MEL,2,1,recovery,4,29,29.7,Y,Y,50,53
MEL,2,1,recovery,1,32,32.5,N,N,0,0
MEL,2,1,recovery,2,32,32.5,N,N,0,0
MEL,2,1,recovery,3,32,32.5,N,N,0,0
MEL,2,1,recovery,4,32,32.5,N,N,0,0
PSA,2,5,day_1_2,1,14,14.4,N,N,0,0
PSA,2,5,day_1_2,2,14,14.4,N,N,0,0
PSA,2,5,day_1_2,3,14,14.4,N,N,0,0
PSA,2,5,day_1_2,4,14,14.4,N,N,0,0
PSA,2,5,day_1_2,1,17,16.9,N,N,0,0
PSA,2,5,day_1_2,2,17,16.9,N,N,0,0
PSA,2,5,day_1_2,3,17,16.9,N,N,0,0
PSA,2,5,day_1_2,4,17,16.9,Y,Y,1,1
PSA,2,5,day_1_2,1,20,20.1,Y,Y,6,5
PSA,2,5,day_1_2,2,20,20.1,N,N,0,0
PSA,2,5,day_1_2,3,20,20.1,Y,Y,5,5
PSA,2,5,day_1_2,4,20,20.1,N,N,0,0
PSA,2,5,day_1_2,1,23,23.3,Y,Y,7,7
PSA,2,5,day_1_2,2,23,23.3,Y,Y,3,2
PSA,2,5,day_1_2,3,23,23.3,Y,Y,0,1
PSA,2,5,day_1_2,4,23,23.3,Y,Y,16,10
PSA,2,5,day_1_2,1,26,26.3,Y,Y,4,8
PSA,2,5,day_1_2,2,26,26.3,Y,Y,23,19
PSA,2,5,day_1_2,3,26,26.3,Y,Y,22,19
PSA,2,5,day_1_2,4,26,26.3,Y,Y,6,9
PSA,2,5,day_1_2,1,29,29.7,Y,Y,1,0
PSA,2,5,day_1_2,2,29,29.7,Y,Y,5,0
PSA,2,5,day_1_2,3,29,29.7,Y,Y,0,2
PSA,2,5,day_1_2,4,29,29.7,Y,Y,2,1
PSA,2,5,day_1_2,1,32,32.5,N,N,0,0
PSA,2,5,day_1_2,2,32,32.5,N,N,0,0
PSA,2,5,day_1_2,3,32,32.5,N,N,0,0
PSA,2,5,day_1_2,4,32,32.5,N,N,0,0
PSA,2,5,day_7_8,1,14,14.4,N,N,0,0
PSA,2,5,day_7_8,2,14,14.4,N,N,0,0
PSA,2,5,day_7_8,3,14,14.4,N,N,0,0
PSA,2,5,day_7_8,4,14,14.4,N,N,0,0
PSA,2,5,day_7_8,1,17,16.9,N,N,4,4
PSA,2,5,day_7_8,2,17,16.9,Y,Y,6,8
PSA,2,5,day_7_8,3,17,16.9,N,N,2,2
PSA,2,5,day_7_8,4,17,16.9,Y,Y,3,5
PSA,2,5,day_7_8,1,20,20.1,Y,Y,23,20
PSA,2,5,day_7_8,2,20,20.1,Y,Y,14,16
PSA,2,5,day_7_8,3,20,20.1,Y,Y,35,28
PSA,2,5,day_7_8,4,20,20.1,Y,Y,26,18
PSA,2,5,day_7_8,1,23,23.3,Y,Y,33,30
PSA,2,5,day_7_8,2,23,23.3,Y,Y,30,35
PSA,2,5,day_7_8,3,23,23.3,Y,Y,2,6
PSA,2,5,day_7_8,4,23,23.3,Y,Y,49,40
PSA,2,5,day_7_8,1,26,26.3,N,N,0,0
PSA,2,5,day_7_8,2,26,26.3,Y,Y,15,15
PSA,2,5,day_7_8,3,26,26.3,Y,Y,42,38
PSA,2,5,day_7_8,4,26,26.3,Y,Y,25,23
PSA,2,5,day_7_8,1,29,29.7,N,N,0,0
PSA,2,5,day_7_8,2,29,29.7,N,N,0,0
PSA,2,5,day_7_8,3,29,29.7,N,N,0,0
PSA,2,5,day_7_8,4,29,29.7,N,N,0,0
PSA,2,5,day_7_8,1,32,32.5,N,N,0,0
PSA,2,5,day_7_8,2,32,32.5,N,N,0,0
PSA,2,5,day_7_8,3,32,32.5,N,N,0,0
PSA,2,5,day_7_8,4,32,32.5,N,N,0,0
PSA,2,5,recovery,1,14,14.4,Y,Y,53,51
PSA,2,5,recovery,2,14,14.4,Y,Y,31,30
PSA,2,5,recovery,3,14,14.4,Y,Y,49,49
PSA,2,5,recovery,4,14,14.4,Y,Y,43,45
PSA,2,5,recovery,1,17,16.9,Y,Y,50,59
PSA,2,5,recovery,2,17,16.9,Y,Y,44,39
PSA,2,5,recovery,3,17,16.9,Y,Y,47,54
PSA,2,5,recovery,4,17,16.9,Y,Y,59,60
PSA,2,5,recovery,1,20,20.1,Y,Y,5,3
PSA,2,5,recovery,2,20,20.1,Y,Y,33,28
PSA,2,5,recovery,3,20,20.1,Y,Y,56,40
PSA,2,5,recovery,4,20,20.1,Y,Y,57,47
PSA,2,5,recovery,1,23,23.3,Y,Y,28,24
PSA,2,5,recovery,2,23,23.3,Y,Y,10,13
PSA,2,5,recovery,3,23,23.3,N,N,0,0
PSA,2,5,recovery,4,23,23.3,Y,Y,58,44
PSA,2,5,recovery,1,26,26.3,N,N,0,0
PSA,2,5,recovery,2,26,26.3,Y,Y,0,1
PSA,2,5,recovery,3,26,26.3,Y,Y,39,48
PSA,2,5,recovery,4,26,26.3,Y,Y,28,25
PSA,2,5,recovery,1,29,29.7,N,N,0,0
PSA,2,5,recovery,2,29,29.7,Y,Y,8,4
PSA,2,5,recovery,3,29,29.7,N,N,0,0
PSA,2,5,recovery,4,29,29.7,N,N,0,0
PSA,2,5,recovery,1,32,32.5,N,N,0,0
PSA,2,5,recovery,2,32,32.5,N,N,0,0
PSA,2,5,recovery,3,32,32.5,N,N,0,0
PSA,2,5,recovery,4,32,32.5,N,N,0,0
BUN,2,8,day_1_2,1,14,14.4,N,N,0,0
BUN,2,8,day_1_2,2,14,14.4,N,N,0,0
BUN,2,8,day_1_2,3,14,14.4,N,N,0,0
BUN,2,8,day_1_2,4,14,14.4,N,N,0,0
BUN,2,8,day_1_2,1,17,16.9,Y,Y,0,0
BUN,2,8,day_1_2,2,17,16.9,Y,Y,5,4
BUN,2,8,day_1_2,3,17,16.9,N,N,0,0
BUN,2,8,day_1_2,4,17,16.9,Y,Y,1,0
BUN,2,8,day_1_2,1,20,20.1,Y,Y,26,18
BUN,2,8,day_1_2,2,20,20.1,Y,Y,20,34
BUN,2,8,day_1_2,3,20,20.1,Y,Y,11,25
BUN,2,8,day_1_2,4,20,20.1,Y,Y,16,19
BUN,2,8,day_1_2,1,23,23.3,Y,Y,34,32
BUN,2,8,day_1_2,2,23,23.3,Y,Y,34,32
BUN,2,8,day_1_2,3,23,23.3,Y,Y,35,25
BUN,2,8,day_1_2,4,23,23.3,Y,Y,25,24
BUN,2,8,day_1_2,1,26,26.3,Y,Y,26,25
BUN,2,8,day_1_2,2,26,26.3,Y,Y,21,22
BUN,2,8,day_1_2,3,26,26.3,Y,Y,22,18
BUN,2,8,day_1_2,4,26,26.3,Y,Y,23,15
BUN,2,8,day_1_2,1,29,29.7,Y,Y,18,16
BUN,2,8,day_1_2,2,29,29.7,Y,Y,9,13
BUN,2,8,day_1_2,3,29,29.7,Y,Y,15,11
BUN,2,8,day_1_2,4,29,29.7,Y,Y,17,15
BUN,2,8,day_1_2,1,32,32.5,N,N,0,0
BUN,2,8,day_1_2,2,32,32.5,N,N,0,0
BUN,2,8,day_1_2,3,32,32.5,N,N,0,0
BUN,2,8,day_1_2,4,32,32.5,N,N,0,0
BUN,2,8,day_7_8,1,14,14.4,N,N,0,0
BUN,2,8,day_7_8,2,14,14.4,N,N,0,0
BUN,2,8,day_7_8,3,14,14.4,N,N,0,0
BUN,2,8,day_7_8,4,14,14.4,N,N,0,0
BUN,2,8,day_7_8,1,17,16.9,Y,Y,6,8
BUN,2,8,day_7_8,2,17,16.9,Y,Y,4,13
BUN,2,8,day_7_8,3,17,16.9,N,N,0,0
BUN,2,8,day_7_8,4,17,16.9,Y,Y,4,1
BUN,2,8,day_7_8,1,20,20.1,Y,Y,22,24
BUN,2,8,day_7_8,2,20,20.1,Y,Y,20,28
BUN,2,8,day_7_8,3,20,20.1,Y,Y,14,23
BUN,2,8,day_7_8,4,20,20.1,Y,Y,14,21
BUN,2,8,day_7_8,1,23,23.3,Y,Y,20,25
BUN,2,8,day_7_8,2,23,23.3,Y,Y,16,20
BUN,2,8,day_7_8,3,23,23.3,Y,Y,22,19
BUN,2,8,day_7_8,4,23,23.3,Y,Y,24,16
BUN,2,8,day_7_8,1,26,26.3,Y,Y,11,21
BUN,2,8,day_7_8,2,26,26.3,Y,Y,10,9
BUN,2,8,day_7_8,3,26,26.3,Y,Y,3,3
BUN,2,8,day_7_8,4,26,26.3,Y,Y,10,7
BUN,2,8,day_7_8,1,29,29.7,N,N,0,0
BUN,2,8,day_7_8,2,29,29.7,N,N,0,0
BUN,2,8,day_7_8,3,29,29.7,N,N,0,0
BUN,2,8,day_7_8,4,29,29.7,N,N,0,0
BUN,2,8,day_7_8,1,32,32.5,N,N,0,0
BUN,2,8,day_7_8,2,32,32.5,N,N,0,0
BUN,2,8,day_7_8,3,32,32.5,N,N,0,0
BUN,2,8,day_7_8,4,32,32.5,N,N,0,0
BUN,2,8,recovery,1,14,14.4,Y,Y,43,40
BUN,2,8,recovery,2,14,14.4,Y,Y,44,46
BUN,2,8,recovery,3,14,14.4,Y,Y,38,48
BUN,2,8,recovery,4,14,14.4,Y,Y,9,4
BUN,2,8,recovery,1,17,16.9,Y,Y,48,41
BUN,2,8,recovery,2,17,16.9,Y,Y,35,41
BUN,2,8,recovery,3,17,16.9,Y,Y,12,17
BUN,2,8,recovery,4,17,16.9,Y,Y,23,16
BUN,2,8,recovery,1,20,20.1,Y,Y,53,32
BUN,2,8,recovery,2,20,20.1,Y,Y,51,37
BUN,2,8,recovery,3,20,20.1,Y,Y,35,47
BUN,2,8,recovery,4,20,20.1,Y,Y,43,51
BUN,2,8,recovery,1,23,23.3,Y,Y,41,47
BUN,2,8,recovery,2,23,23.3,Y,Y,32,45
BUN,2,8,recovery,3,23,23.3,Y,Y,42,45
BUN,2,8,recovery,4,23,23.3,Y,Y,23,21
BUN,2,8,recovery,1,26,26.3,Y,Y,40,55
BUN,2,8,recovery,2,26,26.3,Y,Y,36,46
BUN,2,8,recovery,3,26,26.3,Y,Y,37,44
BUN,2,8,recovery,4,26,26.3,Y,Y,42,39
BUN,2,8,recovery,1,29,29.7,N,N,0,0
BUN,2,8,recovery,2,29,29.7,N,N,0,0
BUN,2,8,recovery,3,29,29.7,N,N,0,0
BUN,2,8,recovery,4,29,29.7,N,N,0,0
BUN,2,8,recovery,1,32,32.5,N,N,0,0
BUN,2,8,recovery,2,32,32.5,N,N,0,0
BUN,2,8,recovery,3,32,32.5,N,N,0,0
BUN,2,8,recovery,4,32,32.5,N,N,0,0
SIM,2,4,day_1_2,1,14,14.4,Y,Y,3,0
SIM,2,4,day_1_2,2,14,14.4,Y,Y,10,3
SIM,2,4,day_1_2,3,14,14.4,Y,Y,17,5
SIM,2,4,day_1_2,4,14,14.4,Y,Y,3,1
SIM,2,4,day_1_2,1,17,16.9,Y,Y,15,19
SIM,2,4,day_1_2,2,17,16.9,Y,Y,12,4
SIM,2,4,day_1_2,3,17,16.9,Y,Y,17,10
SIM,2,4,day_1_2,4,17,16.9,Y,Y,11,11
SIM,2,4,day_1_2,1,20,20.1,Y,Y,33,35
SIM,2,4,day_1_2,2,20,20.1,Y,Y,19,19
SIM,2,4,day_1_2,3,20,20.1,Y,Y,21,19
SIM,2,4,day_1_2,4,20,20.1,Y,Y,16,18
SIM,2,4,day_1_2,1,23,23.3,Y,Y,17,26
SIM,2,4,day_1_2,2,23,23.3,Y,Y,17,17
SIM,2,4,day_1_2,3,23,23.3,Y,Y,21,24
SIM,2,4,day_1_2,4,23,23.3,Y,Y,15,14
SIM,2,4,day_1_2,1,26,26.3,Y,Y,10,16
SIM,2,4,day_1_2,2,26,26.3,Y,Y,36,29
SIM,2,4,day_1_2,3,26,26.3,Y,Y,26,31
SIM,2,4,day_1_2,4,26,26.3,Y,Y,21,26
SIM,2,4,day_1_2,1,29,29.7,Y,Y,22,25
SIM,2,4,day_1_2,2,29,29.7,Y,Y,11,13
SIM,2,4,day_1_2,3,29,29.7,Y,Y,21,38
SIM,2,4,day_1_2,4,29,29.7,Y,Y,14,18
SIM,2,4,day_1_2,1,32,32.5,N,N,0,0
SIM,2,4,day_1_2,2,32,32.5,N,N,0,0
SIM,2,4,day_1_2,3,32,32.5,N,N,0,0
SIM,2,4,day_1_2,4,32,32.5,N,N,0,0
SIM,2,4,day_7_8,1,14,14.4,Y,Y,10,10
SIM,2,4,day_7_8,2,14,14.4,Y,Y,6,7
SIM,2,4,day_7_8,3,14,14.4,Y,Y,5,8
SIM,2,4,day_7_8,4,14,14.4,Y,Y,14,23
SIM,2,4,day_7_8,1,17,16.9,Y,Y,22,19
SIM,2,4,day_7_8,2,17,16.9,Y,Y,10,5
SIM,2,4,day_7_8,3,17,16.9,Y,Y,22,19
SIM,2,4,day_7_8,4,17,16.9,Y,Y,17,12
SIM,2,4,day_7_8,1,20,20.1,Y,Y,29,24
SIM,2,4,day_7_8,2,20,20.1,Y,Y,23,19
SIM,2,4,day_7_8,3,20,20.1,Y,Y,26,21
SIM,2,4,day_7_8,4,20,20.1,Y,Y,23,25
SIM,2,4,day_7_8,1,23,23.3,Y,Y,46,61
SIM,2,4,day_7_8,2,23,23.3,Y,Y,26,43
SIM,2,4,day_7_8,3,23,23.3,Y,Y,29,37
SIM,2,4,day_7_8,4,23,23.3,Y,Y,24,39
SIM,2,4,day_7_8,1,26,26.3,Y,Y,48,61
SIM,2,4,day_7_8,2,26,26.3,Y,Y,39,36
SIM,2,4,day_7_8,3,26,26.3,Y,Y,49,37
SIM,2,4,day_7_8,4,26,26.3,Y,Y,39,39
SIM,2,4,day_7_8,1,29,29.7,Y,Y,4,4
SIM,2,4,day_7_8,2,29,29.7,Y,Y,10,9
SIM,2,4,day_7_8,3,29,29.7,Y,Y,3,5
SIM,2,4,day_7_8,4,29,29.7,Y,Y,4,3
SIM,2,4,day_7_8,1,32,32.5,N,N,0,0
SIM,2,4,day_7_8,2,32,32.5,N,N,0,0
SIM,2,4,day_7_8,3,32,32.5,N,N,0,0
SIM,2,4,day_7_8,4,32,32.5,N,N,0,0
SIM,2,4,recovery,1,14,14.4,Y,Y,51,47
SIM,2,4,recovery,2,14,14.4,Y,Y,51,21
SIM,2,4,recovery,3,14,14.4,Y,Y,35,46
SIM,2,4,recovery,4,14,14.4,Y,Y,10,19
SIM,2,4,recovery,1,17,16.9,Y,Y,47,39
SIM,2,4,recovery,2,17,16.9,Y,Y,41,28
SIM,2,4,recovery,3,17,16.9,Y,Y,38,39
SIM,2,4,recovery,4,17,16.9,Y,Y,36,37
SIM,2,4,recovery,1,20,20.1,Y,Y,50,45
SIM,2,4,recovery,2,20,20.1,Y,Y,49,41
SIM,2,4,recovery,3,20,20.1,Y,Y,36,36
SIM,2,4,recovery,4,20,20.1,Y,Y,44,56
SIM,2,4,recovery,1,23,23.3,Y,Y,66,46
SIM,2,4,recovery,2,23,23.3,Y,Y,50,58
SIM,2,4,recovery,3,23,23.3,Y,Y,45,36
SIM,2,4,recovery,4,23,23.3,Y,Y,41,44
SIM,2,4,recovery,1,26,26.3,Y,Y,48,44
SIM,2,4,recovery,2,26,26.3,Y,Y,61,63
SIM,2,4,recovery,3,26,26.3,Y,Y,69,58
SIM,2,4,recovery,4,26,26.3,Y,Y,52,63
SIM,2,4,recovery,1,29,29.7,Y,Y,41,23
SIM,2,4,recovery,2,29,29.7,Y,Y,40,28
SIM,2,4,recovery,3,29,29.7,Y,Y,64,49
SIM,2,4,recovery,4,29,29.7,Y,Y,40,28
SIM,2,4,recovery,1,32,32.5,N,N,0,0
SIM,2,4,recovery,2,32,32.5,N,N,0,0
SIM,2,4,recovery,3,32,32.5,N,N,0,0
SIM,2,4,recovery,4,32,32.5,N,N,0,0
PAL,2,7,day_1_2,1,14,14.4,N,N,0,0
PAL,2,7,day_1_2,2,14,14.4,N,N,0,0
PAL,2,7,day_1_2,3,14,14.4,N,N,0,0
PAL,2,7,day_1_2,4,14,14.4,N,N,0,0
PAL,2,7,day_1_2,1,17,16.9,N,N,0,0
PAL,2,7,day_1_2,2,17,16.9,N,N,0,0
PAL,2,7,day_1_2,3,17,16.9,N,N,0,0
PAL,2,7,day_1_2,4,17,16.9,N,N,0,0
PAL,2,7,day_1_2,1,20,20.1,N,N,0,0
PAL,2,7,day_1_2,2,20,20.1,N,N,0,0
PAL,2,7,day_1_2,3,20,20.1,N,N,0,0
PAL,2,7,day_1_2,4,20,20.1,N,N,0,0
PAL,2,7,day_1_2,1,23,23.3,Y,Y,7,5
PAL,2,7,day_1_2,2,23,23.3,Y,Y,3,2
PAL,2,7,day_1_2,3,23,23.3,Y,Y,14,9
PAL,2,7,day_1_2,4,23,23.3,Y,Y,1,4
PAL,2,7,day_1_2,1,26,26.3,Y,Y,27,26
PAL,2,7,day_1_2,2,26,26.3,Y,Y,20,16
PAL,2,7,day_1_2,3,26,26.3,Y,Y,31,32
PAL,2,7,day_1_2,1,29,29.7,N,N,0,0
PAL,2,7,day_1_2,2,29,29.7,N,N,0,0
PAL,2,7,day_1_2,3,29,29.7,N,N,0,0
PAL,2,7,day_1_2,4,29,29.7,N,N,0,0
PAL,2,7,day_1_2,1,32,32.5,N,N,0,0
PAL,2,7,day_1_2,2,32,32.5,N,N,0,0
PAL,2,7,day_1_2,3,32,32.5,N,N,0,0
PAL,2,7,day_1_2,4,32,32.5,N,N,0,0
PAL,2,7,day_7_8,1,14,14.4,N,N,0,0
PAL,2,7,day_7_8,2,14,14.4,N,N,0,0
PAL,2,7,day_7_8,3,14,14.4,N,N,0,0
PAL,2,7,day_7_8,4,14,14.4,N,N,0,0
PAL,2,7,day_7_8,1,17,16.9,N,N,0,0
PAL,2,7,day_7_8,2,17,16.9,Y,Y,8,6
PAL,2,7,day_7_8,3,17,16.9,N,N,0,0
PAL,2,7,day_7_8,4,17,16.9,Y,Y,1,0
PAL,2,7,day_7_8,1,20,20.1,Y,Y,1,0
PAL,2,7,day_7_8,2,20,20.1,Y,Y,24,22
PAL,2,7,day_7_8,3,20,20.1,Y,Y,25,29
PAL,2,7,day_7_8,4,20,20.1,Y,Y,30,25
PAL,2,7,day_7_8,1,23,23.3,Y,Y,29,43
PAL,2,7,day_7_8,2,23,23.3,Y,Y,34,33
PAL,2,7,day_7_8,3,23,23.3,Y,Y,29,38
PAL,2,7,day_7_8,4,23,23.3,Y,Y,36,35
PAL,2,7,day_7_8,1,26,26.3,Y,Y,39,24
PAL,2,7,day_7_8,2,26,26.3,Y,Y,26,26
PAL,2,7,day_7_8,3,26,26.3,Y,Y,36,29
PAL,2,7,day_7_8,1,29,29.7,N,N,0,0
PAL,2,7,day_7_8,2,29,29.7,N,N,0,0
PAL,2,7,day_7_8,3,29,29.7,N,N,0,0
PAL,2,7,day_7_8,4,29,29.7,N,N,0,0
PAL,2,7,day_7_8,1,32,32.5,N,N,0,0
PAL,2,7,day_7_8,2,32,32.5,N,N,0,0
PAL,2,7,day_7_8,3,32,32.5,N,N,0,0
PAL,2,7,day_7_8,4,32,32.5,N,N,0,0
PAL,2,7,recovery,1,14,14.4,Y,Y,53,41
PAL,2,7,recovery,2,14,14.4,Y,Y,35,21
PAL,2,7,recovery,3,14,14.4,Y,Y,49,31
PAL,2,7,recovery,4,14,14.4,Y,Y,28,30
PAL,2,7,recovery,1,17,16.9,Y,Y,52,37
PAL,2,7,recovery,2,17,16.9,Y,Y,33,31
PAL,2,7,recovery,3,17,16.9,Y,Y,33,22
PAL,2,7,recovery,4,17,16.9,Y,Y,40,28
PAL,2,7,recovery,1,20,20.1,Y,Y,0,2
PAL,2,7,recovery,2,20,20.1,Y,Y,44,36
PAL,2,7,recovery,3,20,20.1,Y,Y,41,36
PAL,2,7,recovery,4,20,20.1,Y,Y,41,55
PAL,2,7,recovery,1,23,23.3,Y,Y,44,41
PAL,2,7,recovery,2,23,23.3,Y,Y,32,32
PAL,2,7,recovery,3,23,23.3,Y,Y,45,31
PAL,2,7,recovery,4,23,23.3,Y,Y,47,49
PAL,2,7,recovery,1,26,26.3,Y,Y,37,27
PAL,2,7,recovery,2,26,26.3,Y,Y,46,30
PAL,2,7,recovery,3,26,26.3,Y,Y,40,28
PAL,2,7,recovery,4,26,26.3,Y,Y,53,37
PAL,2,7,recovery,1,29,29.7,N,N,0,0
PAL,2,7,recovery,2,29,29.7,N,N,0,0
PAL,2,7,recovery,3,29,29.7,N,N,0,0
PAL,2,7,recovery,4,29,29.7,N,N,0,0
PAL,2,7,recovery,1,32,32.5,N,N,0,0
PAL,2,7,recovery,2,32,32.5,N,N,0,0
PAL,2,7,recovery,3,32,32.5,N,N,0,0
PAL,2,7,recovery,4,32,32.5,N,N,0,0
BIP,2,6,day_1_2,1,14,14.4,N,N,0,0
BIP,2,6,day_1_2,2,14,14.4,N,N,0,0
BIP,2,6,day_1_2,3,14,14.4,N,N,0,0
BIP,2,6,day_1_2,4,14,14.4,N,N,0,0
BIP,2,6,day_1_2,1,17,16.9,Y,Y,0,2
BIP,2,6,day_1_2,2,17,16.9,Y,Y,4,6
BIP,2,6,day_1_2,3,17,16.9,Y,Y,4,2
BIP,2,6,day_1_2,4,17,16.9,Y,Y,0,1
BIP,2,6,day_1_2,1,20,20.1,Y,Y,18,17
BIP,2,6,day_1_2,2,20,20.1,Y,Y,7,5
BIP,2,6,day_1_2,3,20,20.1,Y,Y,12,12
BIP,2,6,day_1_2,4,20,20.1,Y,Y,15,15
BIP,2,6,day_1_2,1,23,23.3,Y,Y,17,31
BIP,2,6,day_1_2,2,23,23.3,Y,Y,33,19
BIP,2,6,day_1_2,3,23,23.3,Y,Y,29,35
BIP,2,6,day_1_2,4,23,23.3,Y,Y,9,8
BIP,2,6,day_1_2,1,26,26.3,Y,Y,27,35
BIP,2,6,day_1_2,2,26,26.3,Y,Y,35,38
BIP,2,6,day_1_2,3,26,26.3,Y,Y,42,38
BIP,2,6,day_1_2,4,26,26.3,Y,Y,30,19
BIP,2,6,day_1_2,1,29,29.7,Y,Y,16,9
BIP,2,6,day_1_2,2,29,29.7,Y,Y,14,5
BIP,2,6,day_1_2,3,29,29.7,Y,Y,17,20
BIP,2,6,day_1_2,4,29,29.7,Y,Y,17,21
BIP,2,6,day_1_2,1,32,32.5,N,N,0,0
BIP,2,6,day_1_2,2,32,32.5,N,N,0,0
BIP,2,6,day_1_2,3,32,32.5,N,N,0,0
BIP,2,6,day_1_2,4,32,32.5,N,N,0,0
BIP,2,6,day_7_8,1,14,14.4,N,N,0,0
BIP,2,6,day_7_8,2,14,14.4,N,N,0,0
BIP,2,6,day_7_8,3,14,14.4,N,N,0,0
BIP,2,6,day_7_8,4,14,14.4,N,N,0,0
BIP,2,6,day_7_8,1,17,16.9,Y,Y,1,1
BIP,2,6,day_7_8,2,17,16.9,Y,Y,2,4
BIP,2,6,day_7_8,3,17,16.9,Y,Y,3,5
BIP,2,6,day_7_8,4,17,16.9,Y,Y,2,1
BIP,2,6,day_7_8,1,20,20.1,Y,Y,11,7
BIP,2,6,day_7_8,2,20,20.1,Y,Y,18,18
BIP,2,6,day_7_8,3,20,20.1,Y,Y,27,27
BIP,2,6,day_7_8,4,20,20.1,Y,Y,17,19
BIP,2,6,day_7_8,1,23,23.3,Y,Y,24,42
BIP,2,6,day_7_8,2,23,23.3,Y,Y,59,60
BIP,2,6,day_7_8,3,23,23.3,Y,Y,36,44
BIP,2,6,day_7_8,4,23,23.3,Y,Y,17,17
BIP,2,6,day_7_8,1,26,26.3,Y,Y,46,54
BIP,2,6,day_7_8,2,26,26.3,Y,Y,37,39
BIP,2,6,day_7_8,3,26,26.3,Y,Y,56,51
BIP,2,6,day_7_8,4,26,26.3,Y,Y,28,36
BIP,2,6,day_7_8,1,29,29.7,N,N,0,0
BIP,2,6,day_7_8,2,29,29.7,N,N,0,0
BIP,2,6,day_7_8,3,29,29.7,N,N,0,0
BIP,2,6,day_7_8,4,29,29.7,Y,Y,1,4
BIP,2,6,day_7_8,1,32,32.5,N,N,0,0
BIP,2,6,day_7_8,2,32,32.5,N,N,0,0
BIP,2,6,day_7_8,3,32,32.5,N,N,0,0
BIP,2,6,day_7_8,4,32,32.5,N,N,0,0
BIP,2,6,recovery,1,14,14.4,Y,Y,43,37
BIP,2,6,recovery,2,14,14.4,Y,Y,43,50
BIP,2,6,recovery,3,14,14.4,Y,Y,47,53
BIP,2,6,recovery,4,14,14.4,Y,Y,32,30
BIP,2,6,recovery,1,17,16.9,Y,Y,29,45
BIP,2,6,recovery,2,17,16.9,Y,Y,41,47
BIP,2,6,recovery,3,17,16.9,Y,Y,31,36
BIP,2,6,recovery,4,17,16.9,Y,Y,36,32
BIP,2,6,recovery,1,20,20.1,Y,Y,27,21
BIP,2,6,recovery,2,20,20.1,Y,Y,44,43
BIP,2,6,recovery,3,20,20.1,Y,Y,72,53
BIP,2,6,recovery,4,20,20.1,Y,Y,30,23
BIP,2,6,recovery,1,23,23.3,Y,Y,33,43
BIP,2,6,recovery,2,23,23.3,Y,Y,61,62
BIP,2,6,recovery,3,23,23.3,Y,Y,58,65
BIP,2,6,recovery,4,23,23.3,Y,Y,42,39
BIP,2,6,recovery,1,26,26.3,Y,Y,40,37
BIP,2,6,recovery,2,26,26.3,Y,Y,63,64
BIP,2,6,recovery,3,26,26.3,Y,Y,47,41
BIP,2,6,recovery,4,26,26.3,Y,Y,44,36
BIP,2,6,recovery,1,29,29.7,N,N,36,33
BIP,2,6,recovery,2,29,29.7,Y,Y,17,17
BIP,2,6,recovery,3,29,29.7,Y,Y,15,14
BIP,2,6,recovery,4,29,29.7,Y,Y,61,51
BIP,2,6,recovery,1,32,32.5,N,N,0,0
BIP,2,6,recovery,2,32,32.5,N,N,0,0
BIP,2,6,recovery,3,32,32.5,N,N,0,0
BIP,2,6,recovery,4,32,32.5,N,N,0,0
bir,2,9,day_1_2,1,14,14.4,N,N,0,0
bir,2,9,day_1_2,2,14,14.4,N,N,0,0
bir,2,9,day_1_2,3,14,14.4,N,N,0,0
bir,2,9,day_1_2,4,14,14.4,N,N,0,0
bir,2,9,day_1_2,1,17,16.9,Y,Y,22,14
bir,2,9,day_1_2,2,17,16.9,Y,Y,16,8
bir,2,9,day_1_2,3,17,16.9,Y,Y,18,13
bir,2,9,day_1_2,4,17,16.9,Y,Y,15,23
bir,2,9,day_1_2,1,20,20.1,Y,Y,12,12
bir,2,9,day_1_2,2,20,20.1,Y,Y,18,17
bir,2,9,day_1_2,3,20,20.1,Y,Y,18,15
bir,2,9,day_1_2,4,20,20.1,Y,Y,12,10
bir,2,9,day_1_2,1,23,23.3,Y,Y,15,27
bir,2,9,day_1_2,2,23,23.3,Y,Y,23,17
bir,2,9,day_1_2,3,23,23.3,Y,Y,21,16
bir,2,9,day_1_2,4,23,23.3,Y,Y,16,14
bir,2,9,day_1_2,1,26,26.3,Y,Y,19,14
bir,2,9,day_1_2,2,26,26.3,Y,Y,29,21
bir,2,9,day_1_2,3,26,26.3,Y,Y,18,15
bir,2,9,day_1_2,4,26,26.3,Y,Y,36,22
bir,2,9,day_1_2,1,29,29.7,Y,Y,0,0
bir,2,9,day_1_2,2,29,29.7,Y,N,0,0
bir,2,9,day_1_2,3,29,29.7,Y,N,0,0
bir,2,9,day_1_2,4,29,29.7,Y,Y,0,0
bir,2,9,day_1_2,1,32,32.5,N,N,0,0
bir,2,9,day_1_2,2,32,32.5,N,N,0,0
bir,2,9,day_1_2,3,32,32.5,N,N,0,0
bir,2,9,day_1_2,4,32,32.5,N,N,0,0
bir,2,9,day_7_8,1,14,14.4,Y,Y,1,0
bir,2,9,day_7_8,2,14,14.4,Y,Y,1,0
bir,2,9,day_7_8,3,14,14.4,Y,Y,2,1
bir,2,9,day_7_8,4,14,14.4,N,N,0,0
bir,2,9,day_7_8,1,17,16.9,Y,Y,12,12
bir,2,9,day_7_8,2,17,16.9,Y,Y,14,16
bir,2,9,day_7_8,3,17,16.9,Y,Y,5,6
bir,2,9,day_7_8,4,17,16.9,Y,Y,13,11
bir,2,9,day_7_8,1,20,20.1,Y,Y,12,16
bir,2,9,day_7_8,2,20,20.1,Y,Y,25,28
bir,2,9,day_7_8,3,20,20.1,Y,Y,19,9
bir,2,9,day_7_8,4,20,20.1,Y,Y,18,19
bir,2,9,day_7_8,1,23,23.3,Y,Y,34,31
bir,2,9,day_7_8,2,23,23.3,Y,Y,30,24
bir,2,9,day_7_8,3,23,23.3,Y,Y,11,24
bir,2,9,day_7_8,4,23,23.3,Y,Y,26,27
bir,2,9,day_7_8,1,26,26.3,Y,Y,24,32
bir,2,9,day_7_8,2,26,26.3,Y,Y,9,10
bir,2,9,day_7_8,3,26,26.3,Y,Y,13,10
bir,2,9,day_7_8,4,26,26.3,Y,Y,6,10
bir,2,9,day_7_8,1,29,29.7,N,N,0,0
bir,2,9,day_7_8,2,29,29.7,N,N,0,0
bir,2,9,day_7_8,3,29,29.7,N,N,0,0
bir,2,9,day_7_8,4,29,29.7,N,N,0,0
bir,2,9,day_7_8,1,32,32.5,N,N,0,0
bir,2,9,day_7_8,2,32,32.5,N,N,0,0
bir,2,9,day_7_8,3,32,32.5,N,N,0,0
bir,2,9,day_7_8,4,32,32.5,N,N,0,0
bir,2,9,recovery,1,14,14.4,Y,Y,45,42
bir,2,9,recovery,2,14,14.4,Y,Y,33,30
bir,2,9,recovery,3,14,14.4,Y,Y,39,45
bir,2,9,recovery,4,14,14.4,Y,Y,38,39
bir,2,9,recovery,1,17,16.9,Y,Y,49,51
bir,2,9,recovery,2,17,16.9,Y,Y,47,45
bir,2,9,recovery,3,17,16.9,Y,Y,42,45
bir,2,9,recovery,4,17,16.9,Y,Y,38,54
bir,2,9,recovery,1,20,20.1,Y,Y,35,40
bir,2,9,recovery,2,20,20.1,Y,Y,31,39
bir,2,9,recovery,3,20,20.1,Y,Y,36,24
bir,2,9,recovery,4,20,20.1,Y,Y,30,44
bir,2,9,recovery,1,23,23.3,Y,Y,41,36
bir,2,9,recovery,2,23,23.3,Y,Y,35,46
bir,2,9,recovery,3,23,23.3,Y,Y,37,41
bir,2,9,recovery,4,23,23.3,Y,Y,40,47
bir,2,9,recovery,1,26,26.3,Y,Y,48,46
bir,2,9,recovery,2,26,26.3,Y,Y,45,52
bir,2,9,recovery,3,26,26.3,Y,Y,57,39
bir,2,9,recovery,4,26,26.3,Y,Y,27,21
bir,2,9,recovery,1,29,29.7,N,N,0,0
bir,2,9,recovery,2,29,29.7,N,N,0,0
bir,2,9,recovery,3,29,29.7,N,N,0,0
bir,2,9,recovery,4,29,29.7,N,N,0,0
bir,2,9,recovery,1,32,32.5,N,N,0,0
bir,2,9,recovery,2,32,32.5,N,N,0,0
bir,2,9,recovery,3,32,32.5,N,N,0,0
bir,2,9,recovery,4,32,32.5,N,N,0,0
SUL,2,2,day_1_2,1,14,14.4,N,N,0,0
SUL,2,2,day_1_2,2,14,14.4,N,N,0,0
SUL,2,2,day_1_2,3,14,14.4,N,N,0,0
SUL,2,2,day_1_2,4,14,14.4,N,N,0,0
SUL,2,2,day_1_2,1,17,16.9,N,N,0,0
SUL,2,2,day_1_2,2,17,16.9,N,N,0,0
SUL,2,2,day_1_2,3,17,16.9,Y,Y,3,0
SUL,2,2,day_1_2,4,17,16.9,N,N,0,0
SUL,2,2,day_1_2,1,20,20.1,Y,Y,3,11
SUL,2,2,day_1_2,2,20,20.1,N,N,0,0
SUL,2,2,day_1_2,3,20,20.1,Y,Y,2,6
SUL,2,2,day_1_2,4,20,20.1,Y,Y,20,13
SUL,2,2,day_1_2,1,23,23.3,Y,Y,1,0
SUL,2,2,day_1_2,2,23,23.3,Y,Y,32,31
SUL,2,2,day_1_2,3,23,23.3,Y,Y,7,7
SUL,2,2,day_1_2,4,23,23.3,Y,Y,34,27
SUL,2,2,day_1_2,1,26,26.3,Y,Y,12,10
SUL,2,2,day_1_2,2,26,26.3,Y,Y,41,32
SUL,2,2,day_1_2,3,26,26.3,Y,Y,27,29
SUL,2,2,day_1_2,4,26,26.3,Y,Y,20,22
SUL,2,2,day_1_2,1,29,29.7,Y,Y,9,3
SUL,2,2,day_1_2,2,29,29.7,Y,Y,5,3
SUL,2,2,day_1_2,3,29,29.7,Y,Y,0,0
SUL,2,2,day_1_2,4,29,29.7,Y,Y,8,7
SUL,2,2,day_1_2,1,32,32.5,N,N,0,0
SUL,2,2,day_1_2,2,32,32.5,N,N,0,0
SUL,2,2,day_1_2,3,32,32.5,N,N,0,0
SUL,2,2,day_1_2,4,32,32.5,N,N,0,0
SUL,2,2,day_7_8,1,14,14.4,N,N,0,0
SUL,2,2,day_7_8,2,14,14.4,N,N,0,0
SUL,2,2,day_7_8,3,14,14.4,N,N,0,0
SUL,2,2,day_7_8,4,14,14.4,N,N,0,0
SUL,2,2,day_7_8,1,17,16.9,Y,Y,4,1
SUL,2,2,day_7_8,2,17,16.9,Y,Y,24,9
SUL,2,2,day_7_8,3,17,16.9,Y,Y,6,6
SUL,2,2,day_7_8,4,17,16.9,Y,Y,7,8
SUL,2,2,day_7_8,1,20,20.1,Y,Y,35,29
SUL,2,2,day_7_8,2,20,20.1,Y,Y,25,22
SUL,2,2,day_7_8,3,20,20.1,Y,Y,15,15
SUL,2,2,day_7_8,4,20,20.1,Y,Y,28,29
SUL,2,2,day_7_8,1,23,23.3,Y,Y,25,22
SUL,2,2,day_7_8,2,23,23.3,Y,Y,39,31
SUL,2,2,day_7_8,3,23,23.3,Y,Y,33,37
SUL,2,2,day_7_8,4,23,23.3,Y,Y,36,45
SUL,2,2,day_7_8,1,26,26.3,Y,Y,26,33
SUL,2,2,day_7_8,2,26,26.3,Y,Y,31,24
SUL,2,2,day_7_8,3,26,26.3,Y,Y,19,21
SUL,2,2,day_7_8,4,26,26.3,Y,Y,28,31
SUL,2,2,day_7_8,1,29,29.7,N,N,0,0
SUL,2,2,day_7_8,2,29,29.7,N,N,0,0
SUL,2,2,day_7_8,3,29,29.7,N,N,0,0
SUL,2,2,day_7_8,4,29,29.7,N,N,0,0
SUL,2,2,day_7_8,1,32,32.5,N,N,0,0
SUL,2,2,day_7_8,2,32,32.5,N,N,0,0
SUL,2,2,day_7_8,3,32,32.5,N,N,0,0
SUL,2,2,day_7_8,4,32,32.5,N,N,0,0
SUL,2,2,recovery,1,14,14.4,Y,Y,38,41
SUL,2,2,recovery,2,14,14.4,Y,Y,40,41
SUL,2,2,recovery,3,14,14.4,Y,Y,45,44
SUL,2,2,recovery,4,14,14.4,Y,Y,26,31
SUL,2,2,recovery,1,17,16.9,Y,Y,32,45
SUL,2,2,recovery,2,17,16.9,Y,Y,39,38
SUL,2,2,recovery,3,17,16.9,Y,Y,37,33
SUL,2,2,recovery,4,17,16.9,Y,Y,40,38
SUL,2,2,recovery,1,20,20.1,Y,Y,46,46
SUL,2,2,recovery,2,20,20.1,Y,Y,34,35
SUL,2,2,recovery,3,20,20.1,Y,Y,32,35
SUL,2,2,recovery,4,20,20.1,Y,Y,18,24
SUL,2,2,recovery,1,23,23.3,Y,Y,36,34
SUL,2,2,recovery,2,23,23.3,Y,Y,51,34
SUL,2,2,recovery,3,23,23.3,Y,Y,39,45
SUL,2,2,recovery,4,23,23.3,Y,Y,38,37
SUL,2,2,recovery,1,26,26.3,Y,Y,26,25
SUL,2,2,recovery,2,26,26.3,Y,Y,36,24
SUL,2,2,recovery,3,26,26.3,Y,Y,40,30
SUL,2,2,recovery,4,26,26.3,Y,Y,33,29
SUL,2,2,recovery,1,29,29.7,Y,Y,29,23
SUL,2,2,recovery,2,29,29.7,Y,Y,0,1
SUL,2,2,recovery,3,29,29.7,N,N,0,0
SUL,2,2,recovery,4,29,29.7,N,N,0,0
SUL,2,2,recovery,1,32,32.5,N,N,0,0
SUL,2,2,recovery,2,32,32.5,N,N,0,0
SUL,2,2,recovery,3,32,32.5,N,N,0,0
SUL,2,3,recovery,4,32,32.5,N,N,0,0
PAN,2,3,day_1_2,1,14,14.4,N,N,0,0
PAN,2,3,day_1_2,2,14,14.4,N,N,0,0
PAN,2,3,day_1_2,3,14,14.4,N,N,0,0
PAN,2,3,day_1_2,4,14,14.4,N,N,0,0
PAN,2,3,day_1_2,1,17,16.9,N,N,0,0
PAN,2,3,day_1_2,2,17,16.9,Y,Y,0,0
PAN,2,3,day_1_2,3,17,16.9,Y,Y,1,2
PAN,2,3,day_1_2,4,17,16.9,Y,Y,3,0
PAN,2,3,day_1_2,1,20,20.1,Y,Y,22,17
PAN,2,3,day_1_2,2,20,20.1,Y,Y,21,11
PAN,2,3,day_1_2,3,20,20.1,Y,Y,19,21
PAN,2,3,day_1_2,4,20,20.1,Y,Y,16,18
PAN,2,3,day_1_2,1,23,23.3,Y,Y,37,37
PAN,2,3,day_1_2,2,23,23.3,Y,Y,21,34
PAN,2,3,day_1_2,3,23,23.3,Y,Y,36,41
PAN,2,3,day_1_2,4,23,23.3,Y,Y,29,25
PAN,2,3,day_1_2,1,26,26.3,Y,Y,43,51
PAN,2,3,day_1_2,2,26,26.3,Y,Y,37,25
PAN,2,3,day_1_2,3,26,26.3,Y,Y,45,29
PAN,2,3,day_1_2,4,26,26.3,Y,Y,28,31
PAN,2,3,day_1_2,1,29,29.7,Y,Y,8,8
PAN,2,3,day_1_2,2,29,29.7,Y,Y,6,3
PAN,2,3,day_1_2,3,29,29.7,Y,Y,4,5
PAN,2,3,day_1_2,4,29,29.7,Y,Y,7,7
PAN,2,3,day_1_2,1,32,32.5,N,N,0,0
PAN,2,3,day_1_2,2,32,32.5,N,N,0,0
PAN,2,3,day_1_2,3,32,32.5,N,N,0,0
PAN,2,3,day_1_2,4,32,32.5,N,N,0,0
PAN,2,3,day_7_8,1,14,14.4,N,N,0,0
PAN,2,3,day_7_8,2,14,14.4,N,N,0,0
PAN,2,3,day_7_8,3,14,14.4,N,N,0,0
PAN,2,3,day_7_8,4,14,14.4,N,N,0,0
PAN,2,3,day_7_8,1,17,16.9,Y,Y,10,7
PAN,2,3,day_7_8,2,17,16.9,Y,Y,2,4
PAN,2,3,day_7_8,3,17,16.9,Y,Y,0,0
PAN,2,3,day_7_8,4,17,16.9,Y,Y,2,6
PAN,2,3,day_7_8,1,20,20.1,Y,Y,33,28
PAN,2,3,day_7_8,2,20,20.1,Y,Y,20,24
PAN,2,3,day_7_8,3,20,20.1,Y,Y,27,23
PAN,2,3,day_7_8,4,20,20.1,Y,Y,18,20
PAN,2,3,day_7_8,1,23,23.3,Y,Y,32,35
PAN,2,3,day_7_8,2,23,23.3,Y,Y,43,50
PAN,2,3,day_7_8,3,23,23.3,Y,Y,54,55
PAN,2,3,day_7_8,4,23,23.3,Y,Y,50,42
PAN,2,3,day_7_8,1,26,26.3,Y,Y,54,72
PAN,2,3,day_7_8,2,26,26.3,Y,Y,52,47
PAN,2,3,day_7_8,3,26,26.3,Y,Y,47,33
PAN,2,3,day_7_8,4,26,26.3,Y,Y,29,24
PAN,2,3,day_7_8,1,29,29.7,N,N,0,0
PAN,2,3,day_7_8,2,29,29.7,N,N,0,0
PAN,2,3,day_7_8,3,29,29.7,N,N,0,0
PAN,2,3,day_7_8,4,29,29.7,N,N,0,0
PAN,2,3,day_7_8,1,32,32.5,N,N,0,0
PAN,2,3,day_7_8,2,32,32.5,N,N,0,0
PAN,2,3,day_7_8,3,32,32.5,N,N,0,0
PAN,2,3,day_7_8,4,32,32.5,N,N,0,0
PAN,2,3,recovery,1,14,14.4,Y,Y,13,28
PAN,2,3,recovery,2,14,14.4,Y,Y,22,30
PAN,2,3,recovery,3,14,14.4,Y,Y,31,27
PAN,2,3,recovery,4,14,14.4,Y,Y,19,18
PAN,2,3,recovery,1,17,16.9,Y,Y,41,40
PAN,2,3,recovery,2,17,16.9,Y,Y,21,31
PAN,2,3,recovery,3,17,16.9,Y,Y,27,23
PAN,2,3,recovery,4,17,16.9,Y,Y,6,10
PAN,2,3,recovery,1,20,20.1,Y,Y,31,27
PAN,2,3,recovery,2,20,20.1,Y,Y,45,38
PAN,2,3,recovery,3,20,20.1,Y,Y,31,34
PAN,2,3,recovery,4,20,20.1,Y,Y,35,37
PAN,2,3,recovery,1,23,23.3,Y,Y,41,36
PAN,2,3,recovery,2,23,23.3,Y,Y,48,47
PAN,2,3,recovery,3,23,23.3,Y,Y,65,67
PAN,2,3,recovery,4,23,23.3,Y,Y,54,47
PAN,2,3,recovery,1,26,26.3,Y,Y,58,30
PAN,2,3,recovery,2,26,26.3,Y,Y,45,45
PAN,2,3,recovery,3,26,26.3,Y,Y,38,36
PAN,2,3,recovery,4,26,26.3,Y,Y,30,33
PAN,2,3,recovery,1,29,29.7,Y,Y,14,11
PAN,2,3,recovery,2,29,29.7,Y,Y,34,34
PAN,2,3,recovery,3,29,29.7,Y,Y,16,11
PAN,2,3,recovery,4,29,29.7,Y,Y,9,7
PAN,2,3,recovery,1,32,32.5,N,N,0,0
PAN,2,3,recovery,2,32,32.5,N,N,0,0
PAN,2,3,recovery,3,32,32.5,N,N,0,0
PAN,2,3,recovery,4,32,32.5,N,N,0,0